c;1.;ABASTECIMENTO E MANUTENÇÃO DE VEÍCULOS - AFASTAMENTOS
c;2.;ÁGUA E ESGOTAMENTO SANITÁRIO - Assembleias 
c;3.;ASSENTAMENTO FUNCIONAL - Aviso prévio
c;4.;BAIXA - Bufê
c;5.;CADASTRAMENTO DE FORNECEDORES - Ciclo de palestras
c;6.;CIPA - COMUNICAÇÃO EXTERNA
c;7.;COMUNICAÇÃO INTERNA - Contas bancárias
c;8.;CONTAGEM E AVERBAÇÃO DE TEMPO DE SERVIÇO - Convite
c;9.;Convites para eventos - Cursos promovidos por outros órgãos
c;10.;DAÇÃO - DESPESA
c;11.;DESPESA CORRENTE - Doenças ocupacionais
c;12.;EDIÇÃO - Encontro
c;13.;ENERGIA ELÉTRICA - Eventos
c;14.;Falecimento de pessoal - Furto de veículos
c;15.;Gabaritos de provas - Guia de transferência
c;16.;HABILITAÇÃO - INCENTIVOS FUNCIONAIS
c;17.;INDENIZAÇÃO - IRRF
c;18.;Jardinagem - LOTAÇÃO
c;19.;Manuais de usuário - Multas
c;20.;Natalidade - Ouvidoria
c;21.;PAD - Planejamento estratégico
c;22.;PLANEJAMENTO INSTITUCIONAL - PROCRIAÇÃO
c;23.;Procuração - Publicidade
c;24.;Quinquênios - REEMBOLSO
c;25.;REESTRUTURAÇÃO - Reportagens
c;26.;Reposição salarial - Roubo de veículos
c;27.;Saída de material - Suspensão
c;28.;Tabela de temporalidade - VOTAÇÃO
1.1;ABASTECIMENTO E MANUTENÇÃO DE VEÍCULOS; 045.5
1.2;Abono de faltas Ver CONTROLE DE FREQUÊNCIA
1.3;ABONO DE PERMANÊNCIA EM SERVIÇO; 023.14
1.4;ABONO PECUNIÁRIO (Adicionais); 023.167
1.5;ABONO PROVISÓRIO; 023.13
1.6;AÇÃO PREVENTIVA (Controle e fiscalização da gestão pública); 003.2
1.7;AÇÃO DE RESPONSABILIDADE SOCIAL; 019.2
1.8;Acervos bibliográfico e museológico Ver GESTÃO DE ACERVOS BIBLIOGRÁFICO E MUSEOLÓGICO
1.9;ACESSO À INFORMAÇÃO; 002.1
1.10;Acidente Ver AUXÍLIOS (Concessão de benefícios de seguridade e providência social)
1.11;Acidentes de trabalho Ver REGISTRO DE OCORRÊNCIAS DE ACIDENTES DE TRABALHO
1.12;ACOMPANHAMENTO DAS ATIVIDADES (Gestão institucional); 015.2
1.13;ACOMPANHAMENTO DO ATENDIMENTO AO CIDADÃO; 002.12
1.14;ACOMPANHAMENTO PEDAGÓGICO, MÉDICO E DO DESENVOLVIMENTO DA CRIANÇA; 029.23
1.15;Acordos Ver RELAÇÃO INTERINSTITUCIONAL
1.16;ADAPTAÇÃO DE USO (Execução de obras); 045.33
1.17;ADESÃO À PREVIDÊNCIA COMPLEMENTAR; 026.01
1.18;ADESTRAMENTO; 045.7
1.19;ADOÇÃO E CONTROLE DOS PROCEDIMENTOS DE PROTOCOLO; 061.1
1.20;ADICIONAIS (Concessão de direitos e vantagens); 023.16
1.21;ADICIONAIS (Concessão de direitos e vantagens)
.ATIVIDADE PENOSA; 023.165
.INSALUBRIDADE; 023.164
.NOTURNO; 023.162
.PERICULOSIDADE; 023.163
.SERVIÇO EXTRAORDINÁRIO. HORAS EXTRAS; 023.166
.TEMPO DE SERVIÇO; 023.161
.UM TERÇO DE FÉRIAS. ABONO PECUNIÁRIO; 023.167
1.22;ADJUDICAÇÃO Ver DAÇÃO. ADJUDICAÇÃO
1.23;ADMINISTRAÇÃO CONDOMINIAL; 043
1.24;ADMINISTRAÇÃO DA FROTA DE VEÍCULOS; 044
1.25;ADMINISTRAÇÃO DA INFRAESTRUTURA TECNOLÓGICA; 066.3
1.26;ADMINISTRAÇÃO DE ATIVIDADES ACESSÓRIAS; 900
1.27;ADMINISTRAÇÃO DE BANCO DE DADOS; 066.4
1.28;ADMINISTRAÇÃO GERAL; 000
1.29;Admissão de pessoal Ver PROVIMENTO DE CARGO PÚBLICO
1.30;Advertência Ver APLICAÇÃO DE PENALIDADES DISCIPLINARES
1.31;Afastamento Ver CUMPRIMENTO DE MISSÕES E VIAGENS A SERVIÇO
1.32;AFASTAMENTOS (Concessão de direitos e vantagens); 023.4
1.33;AFASTAMENTOS (Concessão de direitos e vantagens)
.Depor; 023.4
.Exercer mandato eletivo; 023.4
.Participar em programas de pós-graduação stricto sensu e de pós-doutorado; 023.4
.Suspensão de contrato de trabalho; 023.4
.Servir a Justiça Eleitoral; 023.4
.Servir como jurado; 023.4
2.1;ÁGUA E ESGOTAMENTO SANITÁRIO (Fornecimento de serviços públicos essenciais); 045.11
2.2;Ajudas de custo Ver CUMPRIMENTO DE MISSÕES E VIAGENS A SERVIÇO
2.3;AJUSTAMENTO DE CONDUTA; 027.3
2.4;ALIENAÇÃO (Gestão de bens patrimoniais e de serviços); 042
2.5;ALIENAÇÃO E BAIXA (Gestão de materiais); 033
2.6;Alienação de itens bibliográfico e museológico Ver INVENTÁRIO
2.7;Alistamento eleitoral Ver CONCESSÕES
2.8;Almoxarifado Ver CONTROLE DE ESTOQUE
2.9;ALTERAÇÃO SALARIAL; 023.12
2.10;ANÁLISE DA SITUAÇÃO ARQUIVÍSTICA (Gestão de documentos de arquivo); 061.2
2.11;ANÁLISE DOS INSTRUMENTOS ADMINISTRATIVOS; 004.12
2.12;Anuênios Ver TEMPO DE SERVIÇO (Adicionais))
2.13;APLICAÇÃO DE PENALIDADES DISCIPLINARES; 027.2
2.14;APLICAÇÃO DOS INSTRUMENTOS TÉCNICOS DE GESTÃO DE DOCUMENTOS; 061.5
2.15;APLICAÇÃO DOS INSTRUMENTOS TÉCNICOS DE GESTÃO DE DOCUMENTOS Ver ELABORAÇÃO DOS INSTRUMENTOS TÉCNICOS DE GESTÃO DE DOCUMENTOS; 061.5
2.16;APOSENTADORIA; 026.5
2.17;APOSENTADORIA
.COMPULSÓRIA; 026.52
.ESPECIAL; 026.54
.INVALIDEZ PERMANENTE; 026.51
.VOLUNTÁRIA; 026.53
2.18;Aposentadoria Ver VACÂNCIA
2.19;APURAÇÃO DE RESPONSABILIDADE DISCIPLINAR; 027
2.20;AQUISIÇÃO E INCORPORAÇÃO (Gestão de acervos bibliográfico e museológico); 062.1
2.21;AQUISIÇÃO E INCORPORAÇÃO (Gestão de bens patrimoniais e de serviços); 041
2.22;AQUISIÇÃO E INCORPORAÇÃO (Gestão de materiais); 031
2.23;Ar condicionado Ver SISTEMAS CENTRAIS DE AR CONDICIONADO
2.24;Armazenamento de acervo Ver MOVIMENTAÇÃO DE ACERVO 
2.25;Armazenamento de acervo Ver CONTROLE DAS ÁREAS DE ARMAZENAMENTO
2.26;Arquivo permanente Ver TRATAMENTO TÉCNICO DA DOCUMENTAÇÃO ARQUIVÍSTICA PERMANENTE
2.27;ARRANJO E DESCRIÇÃO (Tratamento técnico da documentação arquivística permanente); 069.11
2.28;Arrendamento mercantil (Leasing) (Gestão de bens patrimoniais e de serviços) Ver LOCAÇÃO. ARRENDAMENTO MERCANTIL (LEASING). SUBLOCAÇÃO
2.29;Arrendamento mercantil (Leasing) (Gestão de materiais) Ver LOCAÇÃO. ARRENDAMENTO MERCANTIL (LEASING)
2.30;Arrombamento de bens imóveis Ver OCORRÊNCIA DE SINISTROS
2.31;Assembleias Ver COORDENAÇÃO E GESTÃO DE REUNIÕES
3.1;ASSENTAMENTO FUNCIONAL; 020.1
3.2;ASSENTAMENTO FUNCIONAL
.RESIDENTES E ESTAGIÁRIOS; 020.13
.SERVIDORES E EMPREGADOS PÚBLICOS; 020.11
.SERVIDORES TEMPORÁRIOS; 020.12
.OCUPANTES DE CARGO COMISSIONADO E DE FUNÇÃO DE CONFIANÇA; 020.14
3.3;Assessoramento de cerimonial Ver GESTÃO DE EVENTOS
3.4;ASSESSORAMENTO JURÍDICO; 004
3.5;Assinatura de periódicos e bases de dados Ver COMPRA (Gestão de acervos bibliográfico e museológico)
3.6;Assinatura de internet, televisão e videoconferência Ver SERVIÇO DE TRANSMISSÃO DE DADOS, VOZ E IMAGEM
3.7;Assinatura autorizada Ver GESTÃO DE CONTA ÚNICA 
3.8;Assinatura autorizada Ver GESTÃO DE CONTAS CORRENTES BANCÁRIAS: TIPO A, B, C, D e E
3.9;ASSISTÊNCIA À SAÚDE; 025.1
3.10;Assistência pré-escolar ou creche Ver AUXÍLIOS 
3.11;Assistência pré-escolar ou creche Ver INSTITUIÇÃO DO PROGRAMA DE CRECHE
3.12;ASSISTÊNCIA VETERINÁRIA; 045.6
3.13;Associações culturais, de amigos e de servidores Ver RELACIONAMENTO COM ASSOCIAÇÕES CULTURAIS, DE AMIGOS E DE SERVIDORES
3.14;ATENDIMENTO AO CIDADÃO; 002
3.15;ATIVIDADE PENOSA (Adicionais); 023.165
3.16;Atos de ajuste Ver RELAÇÃO INTERINSTITUCIONAL
3.17;ATUAÇÃO EM CONTENCIOSO; 004.2
3.18;Audiências Ver COORDENAÇÃO E GESTÃO DE REUNIÕES
3.19;AUDITORIA EXTERNA Ver CONTROLE EXTERNO. AUDITORIA EXTERNA
3.20;AUDITORIA INTERNA Ver CONTROLE INTERNO. AUDITORIA INTERNA
3.21;Autorização de afastamento Ver CUMPRIMENTO DE MISSÕES E VIAGENS A SERVIÇO
3.22;Autorização de uso dos serviços de acesso a internet Ver SERVIÇO DE TRANSMISSÃO DE DADOS, VOZ E IMAGEM
3.23;Autorização de uso dos serviços de assinatura de videoconferência Ver SERVIÇO DE TRANSMISSÃO DE DADOS, VOZ E IMAGEM
3.24;Autorização de uso dos serviços de radiofrequência Ver SERVIÇO DE RADIOFREQUÊNCIA
3.25;Autorização de uso dos serviços de telefonia e de fax Ver SERVIÇO DE TELEFONIA. SERVIÇO DE FAX
3.26;Autorização de uso dos serviços de televisão por assinatura Ver SERVIÇO DE TRANSMISSÃO DE DADOS, VOZ E IMAGEM
3.27;Autorização de uso dos serviços de telex Ver SERVIÇO DE TELEX
3.28;AUTORIZAÇÃO DE ENTRADA E SAÍDA DE MATERIAL
3.29;AUTORIZAÇÃO E CONTROLE DE USO (Gestão dos Serviços Postais e de Telecomunicações); 073
3.30;Auxílio-moradia Ver AUXÍLIOS (Concessão de direitos e vantagens)
3.31;AUXÍLIO RECLUSÃO; 026.91
3.32;AUXÍLIOS (Concessão de direitos e vantagens); 023.6
3.33;AUXÍLIOS (Concessão de benefícios de seguridade e previdência social); 026.3
3.34;AVALIAÇÃO (Aplicação dos instrumentos técnicos de gestão de documentos); 061.52
3.35;AVALIAÇÃO DA GESTÃO INSTITUCIONAL; 015.3
3.36;AVALIAÇÃO DE DESEMPENHO (Provimento, movimentação e vacância); 022.6
3.37;AVALIAÇÃO DO PROGRAMA (Instituição do programa de creche); 029.24
3.38;AVALIAÇÃO DOS RESULTADOS (Gestão de eventos); 915
3.39;AVALIAÇÃO E MONITORAMENTO (Conservação e preservação de acervos); 064.01
3.40;AVALIAÇÃO E RESULTADOS (Promoção de cursos pelo órgão e entidade); 024.13
3.41;AVALIAÇÃO E RESULTADOS (Promoção de estágios pelo órgão e entidade); 024.33
3.42;AVARIA (Gestão de materiais) Ver EXTRAVIO, ROUBO, DESAPARECIMENTO, FURTO E AVARIA
3.43;AVERBAÇÃO DE TEMPO DE SERVIÇO; 026.02
3.44;AVERIGUAÇÃO DE DENÚNCIAS; 027.1
3.45;Aviso prévio Ver VACÂNCIA
4.1;BAIXA (Gestão de materiais) Ver ALIENAÇÃO E BAIXA
4.2;Baixa de itens bibliográfico e museológico Ver INVENTÁRIO
4.3;Baixa e cancelamento de inscrição em órgãos competentes Ver HABILITAÇÃO JURÍDICA E REGULARIZAÇÃO FISCAL
4.4;BAIXA. DESFAZIMENTO; 042.7
4.5;BAIXA. DESFAZIMENTO
.BENS SEMOVENTES; 042.72
.VEÍCULOS; 042.71
4.6;Balancetes Ver DEMONSTRAÇÃO CONTÁBIL
4.7;Balanços financeiro, patrimonial e orçamentário Ver DEMONSTRAÇÃO CONTÁBIL
4.8;Bancas examinadoras Ver PLANEJAMENTO DO PROCESSO SELETIVO
4.9;Bancas examinadoras Ver ENCARGO DE CURSO E CONCURSO
4.10;Banco de dados Ver ADMINISTRAÇÃO DE BANCO DE DADOS
4.11;Banco de horas Ver CONTROLE DE FREQUÊNCIA
4.12;Benefícios Ver CONCESSÃO DE BENEFÍCIOS DE SEGURIDADE E PREVIDÊNCIA SOCIAL
4.13;BENS IMÓVEIS Ver GESTÃO DE BENS PATRIMONIAIS E DE SERVIÇOS
4.14;Bens patrimoniais Ver GESTÃO DE BENS PATRIMONIAIS E DE SERVIÇOS
4.15;BENS SEMOVENTES Ver GESTÃO DE BENS PATRIMONIAIS E DE SERVIÇOS
4.16;Biênios Ver TEMPO DE SERVIÇO (Adicionais)
4.17;Boletim 
.Boletim Administrativo; 010.01
.Boletim de pessoal; 020.01
.Boletim de serviço; 010.01
4.18;Bolsas de estágios Ver PROMOÇÃO DE ESTÁGIOS PELO ÓRGÃO E ENTIDADE 
4.19;Bolsas de estágios Ver CONCESSÃO DE ESTÁGIOS E BOLSAS PARA ESTUDANTES
4.20;Brigada de incêndio Ver VIGILÂNCIA PATRIMONIAL
4.21;Brigada voluntária Ver CONSTITUIÇÃO DE BRIGADA VOLUNTÁRIA
4.22;Bufê Ver CONTRATAÇÃO DE PRESTAÇÃO DE SERVIÇOS (Gestão de eventos)
5.1;CADASTRAMENTO DE FORNECEDORES E DE PRESTADORES DE SERVIÇOS; 030.02
5.2;CADASTRAMENTO, LICENCIAMENTO E EMPLACAMENTO (Administração da frota de veículos); 044.1
5.3;Câmera de circuito fechado Ver MONITORAMENTO. VIGILÂNCIA
5.4;Campanha para redução do consumo de água e energia elétrica Ver GESTÃO AMBIENTAL
5.5;Campanhas institucionais Ver ELABORAÇÃO DE CAMPANHAS PUBLICITÁRIAS
5.6;Campanhas publicitárias Ver ELABORAÇÃO DE CAMPANHAS PUBLICITÁRIAS
5.7;Cantinas e copas Ver OFERTA DE SERVIÇOS DE REFEITÓRIOS, CANTINAS E COPAS
5.8;CAPACITAÇÃO DO SERVIDOR; 024
5.9;Cartão de ponto Ver CONTROLE DE FREQUÊNCIA
5.10;Cartazes Ver DIVULGAÇÃO (Gestão de eventos)
5.11;Carteira funcional Ver IDENTIFICAÇÃO FUNCIONAL
5.12;Casamento (Gala) Ver CONCESSÕES
5.13;Cassação de aposentadoria Ver APLICAÇÃO DE PENALIDADES DISCIPLINARES
5.14;CATALOGAÇÃO, CLASSIFICAÇÃO E INDEXAÇÃO; 062.22
5.15;Catálogo de materiais Ver ESPECIFICAÇÃO, PADRONIZAÇÃO, CODIFICAÇÃO, PREVISÃO, IDENTIFICAÇÃO E CLASSIFICAÇÃO
5.16;CAUTELA Ver TERMO DE RESPONSABILIDADE. CAUTELA
5.17;CELEBRAÇÃO DE CONVÊNIOS DE PLANOS DE SAÚDE; 025.11
5.18;Cerimonial Ver GESTÃO DE EVENTOS
5.19;Certificados de participação em cursos Ver AVALIAÇÃO E RESULTADOS (Promoção de cursos pelo órgão e entidade)
5.20;CERTIFICAÇÃO DA CONFORMIDADE; 015.33
5.21;CESSÃO, COMODATO E EMPRÉSTIMO (Alienação e baixa)
.MATERIAL DE CONSUMO; 033.52
.MATERIAL PERMANENTE; 033.51
5.22;CESSÃO, COMODATO E EMPRÉSTIMO (Aquisição e incorporação)
.MATERIAL DE CONSUMO; 031.42
.MATERIAL PERMANENTE; 031.41
5.23;CESSÃO E COMODATO (Aquisição e incorporação)
.BENS IMÓVEIS; 041.51
.BENS SEMOVENTES; 041.53
.VEÍCULOS; 041.52
5.24;CESSÃO E COMODATO (Alienação)
.BENS IMÓVEIS 042.51
.BENS SEMOVENTES 042.53
.VEÍCULOS 042.52
5.25;CESSÃO. REQUISIÇÃO (Movimentação de pessoal); 022.22
5.26;Ciclo de palestras Ver GESTÃO DE EVENTOS
6.1;CIPA Ver CONSTITUIÇÃO DA COMISSÃO INTERNA DE PREVENÇÃO DE ACIDENTES
6.2;Classificação de itens bibliográfico e museológico Ver CATALOGAÇÃO, CLASSIFICAÇÃO E INDEXAÇÃO
6.3;CLASSIFICAÇÃO DE CARGOS E DE CARREIRAS; 020.022
6.4;CLASSIFICAÇÃO (Aplicação dos instrumentos técnicos de gestão de documentos); 061.51
6.5;CLASSIFICAÇÃO (Gestão de materiais); 030.03
6.6;Código de Classificação de Documentos de Arquivo Ver ELABORAÇÃO DOS INSTRUMENTOS TÉCNICOS DE GESTÃO DE DOCUMENTOS 
6.7;Código de Classificação de Documentos de Arquivo Ver APLICAÇÃO DOS INSTRUMENTOS TÉCNICOS DE GESTÃO DE DOCUMENTOS
6.8;CODIFICAÇÃO (Gestão de materiais); 030.003
6.9;COEDIÇÃO; 065.1
6.10;Colisão de veículos Ver OCORRÊNCIA DE SINISTROS (Administração da frota de veículos)
6.11;Comemoração Ver GESTÃO DE EVENTOS
6.12;COMISSÃO DE INVENTÁRIO (Gestão de bens patrimoniais e de serviços); 047.01
6.13;COMISSÃO DE INVENTÁRIO (Gestão de materiais); 036.01
6.14;Comissão eleitoral Ver PREENCHIMENTO DE FUNÇÃO DE DIREÇÃO
6.15;Comissões Ver PARTICIPAÇÃO EM ÓRGÃOS COLEGIADOS
6.16;Comitês Ver PARTICIPAÇÃO EM ÓRGÃOS COLEGIADOS
6.17;Comitivas e delegações Ver CUMPRIMENTO E MISSÕES E VIAGENS A SERVIÇO
6.18;COMODATO (Gestão de materiais) Ver CESSÃO, COMODATO E EMPRÉSTIMO
6.19;COMODATO (Gestão de bens patrimoniais e de serviços) Ver CESSÃO E COMODATO
6.20;COMPOSIÇÃO E ATUAÇÃO DA CIPA; 025.311
6.21;COMPOSIÇÃO E ATUAÇÃO DA CPAD; 061.011
6.22;COMPRA (Aquisição e incorporação)
.Acervos bibliográfico e museológico; 062.11
.BENS IMÓVEIS; 041.11
.BENS SEMOVENTES; 041.13
.MATERIAL DE CONSUMO; 031.12
.MATERIAL PERMANENTE; 031.11
.VEÍCULOS; 041.13
6.23;Compra de moeda estrangeira Ver CUMPRIMENTO DE MISSÕES E VIAGENS A SERVIÇO
6.24;COMPRA E SUBSCRIÇÃO DE AÇÕES; 059.1
6.25;COMUNICAÇÃO EXTERNA; 019.11
7.1;COMUNICAÇÃO INTERNA; 019.12
7.2;COMUNICAÇÃO SOCIAL; 019.1
7.3;Comunicações eventuais Ver GESTÃO DE COMUNICAÇÕES EVENTUAIS
7.4;Comunicados Ver GESTÃO DE COMUNICAÇÕES EVENTUAIS
7.5;CONCESSÃO DE BENEFÍCIOS DE SEGURIDADE E PREVIDÊNCIA SOCIAL; 026
7.6;CONCESSÃO DE BENEFÍCIOS, ESTÍMULOS E INCENTIVOS; 052.25
.CREDITÍCIOS; 052.252
.FINANCEIROS; 052.251
7.7;CONCESSÃO DE DIREITOS E VANTAGENS; 023
7.8;CONCESSÃO DE ESTÁGIOS E BOLSAS PARA ESTUDANTES; 024.5
7.9;CONCESSÕES (Concessão de direitos e vantagens); 023.5
7.10;CONCILIAÇÃO BANCÁRIA; 053.01
7.11;Concorrência (Modalidade de licitação) Ver CONTRATAÇÃO DE PRESTAÇÃO DE SERVIÇOS 
7.12;Concorrência (Modalidade de licitação) Ver CONTRATAÇÃO DE SERVIÇOS PROFISSIONAIS TRANSITÓRIOS
7.13;Concurso (Modalidade de licitação) Ver CONTRATAÇÃO DE PRESTAÇÃO DE SERVIÇOS 
7.14;Concurso (Modalidade de licitação) Ver CONTRATAÇÃO DE SERVIÇOS PROFISSIONAIS TRANSITÓRIOS
7.15;Concurso cultural Ver GESTÃO DE EVENTOS
7.16;Concursos públicos Ver RECRUTAMENTO E SELEÇÃO
7.17;Condecorações Ver INCENTIVOS FUNCIONAIS
7.18;Condomínio Ver SERVIÇOS DE CONDOMÍNIO
7.19;Conferência Ver GESTÃO DE EVENTOS
7.20;CONFORMIDADE CONTÁBIL; 050.03
7.21;CONFORMIDADE DE REGISTRO DE GESTÃO; 050.02
7.22;Congresso Ver GESTÃO DE EVENTOS
7.23;Conselhos Ver PARTICIPAÇÃO EM ÓRGÃOS COLEGIADOS
7.24;Conselhos profissionais Ver RELACIONAMENTO COM ENTIDADES REPRESENTATIVAS DE CLASSE
7.25;CONSERVAÇÃO E PRESERVAÇÃO DE ACERVOS; 064
7.26;CONSERVAÇÃO PREDIAL; 045.24
7.27;CONSIGNAÇÕES FACULTATIVAS (Descontos); 023.175
7.28;CONSTITUIÇÃO DA COMISSÃO INTERNA DE PREVENÇÃO DE ACIDENTES (CIPA); 025.31
7.29;CONSTITUIÇÃO DA COMISSÃO PERMANENTE DE AVALIAÇÃO DE DOCUMENTOS (CPAD); 061.01
7.30;CONSTITUIÇÃO DE BRIGADA VOLUNTÁRIA (Prevenção de incêndio); 046.12
7.31;CONSTRUÇÃO (Execução de obras); 045.31
7.32;CONSULTAS (Controle de acesso e de movimentação de acervos); 063.1
7.33;Contas bancárias Ver OPERAÇÃO BANCÁRIA
8.1;CONTAGEM E AVERBAÇÃO DE TEMPO DE SERVIÇO; 026.02
8.2;Contingenciamento do orçamento Ver PROGRAMAÇÃO FINANCEIRA
8.3;Contratação de autônomos e colaboradores Ver CONTRATAÇÃO DE SERVIÇOS PROFISSIONAIS TRANSITÓRIOS
8.4;Contratação de pessoal Ver PROVIMENTO DE CARGO PÚBLICO
8.5;CONTRATAÇÃO DE PRESTAÇÃO DE SERVIÇOS (Gestão da documentação e da informação); 067
8.6;CONTRATAÇÃO DE PRESTAÇÃO DE SERVIÇOS (Gestão de bens patrimoniais e de serviços); 045
8.7;CONTRATAÇÃO DE PRESTAÇÃO DE SERVIÇOS (Gestão de eventos); 918
8.8;CONTRATAÇÃO DE PRESTAÇÃO DE SERVIÇOS (Gestão de materiais); 034
8.9;CONTRATAÇÃO DE PRESTAÇÃO DE SERVIÇOS (Gestão dos serviços postais e de telecomunicações); 071
8.10;CONTRATAÇÃO DE PRESTAÇÃO DE SERVIÇOS (Organização e funcionamento); 018
8.11;CONTRATAÇÃO DE SEGURO (Concessão de direitos e vantagens); 023.91
8.12;CONTRATAÇÃO DE SERVIÇOS PROFISSIONAIS TRANSITÓRIOS; 029.5
8.13;Contratos Ver RELAÇÃO INTERINSTITUCIONAL
8.14;CONTRIBUIÇÃO PARA O PLANO DE SEGURIDADE SOCIAL (Descontos); 023.174
8.15;CONTRIBUIÇÃO PARA O PLANO DE SEGURIDADE SOCIAL (Obrigações trabalhistas e estatutárias, encargos patronais e recolhimentos); 023.184
8.16;CONTRIBUIÇÃO SINDICAL, ASSISTENCIAL E CONFEDERATIVA (Descontos); 023.171
8.17;CONTRIBUIÇÃO SINDICAL DO EMPREGADOR (Obrigações trabalhistas e estatutárias, encargos patronais e recolhimentos); 023.183
8.18;CONTROLE DAS ÁREAS DE ARMAZENAMENTO (Conservação e preservação de acervos); 064.2
8.19;CONTROLE DE ACESSO E DE MOVIMENTAÇÃO DE ACERVOS; 063
8.20;CONTROLE DE APLICAÇÃO DE PROVAS (Recrutamento e seleção); 021.3
8.21;CONTROLE DE ASSIDUIDADE E PONTUALIDADE; 029.1
8.22;CONTROLE DE BENS PATRIMONIAIS; 047
8.23;CONTROLE DE ESTOQUE; 032.1
8.24;CONTROLE DE FREQUÊNCIA; 029.11
8.25;CONTROLE DE MATERIAIS; 036
8.26;CONTROLE DE PORTARIA; 046.4
8.27;CONTROLE DE RISCOS AMBIENTAIS; 025.21
8.28;CONTROLE DE SATISFAÇÃO DO USUÁRIO; 002.2
8.29;CONTROLE DE SISTEMAS INFORMATIZADOS; 066.1
8.30;CONTROLE DE USO (Administração da frota de veículos); 044.4
8.31;CONTROLE DE VISITAS E VISITANTES; 922
8.32;CONTROLE DO SUPORTE TÉCNICO; 066.91
8.33;CONTROLE DOS PROCEDIMENTOS DE PROTOCOLO; 061.1
8.34;CONTROLE E FISCALIZAÇÃO DA GESTÃO PÚBLICA; 003
8.35;CONTROLE EXTERNO. AUDITORIA EXTERNA; 054
8.36;CONTROLE INTERNO. AUDITORIA INTERNA; 003.1
8.37;Convenção Ver GESTÃO DE EVENTOS
8.38;Convênios Ver RELAÇÃO INTERINSTITUCIONAL 
8.39;Convênios Ver CELEBRAÇÃO DE CONVÊNIOS DE PLANOS DE SAÚDE
8.40;Convite (Modalidade de licitação) Ver CONTRATAÇÃO DE PRESTAÇÃO DE SERVIÇOS
8.41;Convite (Modalidade de licitação) Ver CONTRATAÇÃO DE SERVIÇOS PROFISSIONAIS TRANSITÓRIOS
9.1;Convites para eventos Ver GESTÃO DE COMUNICAÇÕES EVENTUAIS
9.2;COORDENAÇÃO E GESTÃO DE REUNIÕES; 013
9.3;Copidesque Ver EDITORAÇÃO E PROGRAMAÇÃO VISUAL
9.4;CORREÇÃO DE PROVAS. AVALIAÇÃO (Recrutamento e seleção); 021.4
9.5;CORREIÇÃO (Controle e fiscalização da gestão pública); 003.3
9.6;Corte de ponto Ver CONTROLE DE FREQUÊNCIA
9.7;CPAD Ver CONSTITUIÇÃO DA COMISSÃO PERMANENTE DE AVALIAÇÃO DE DOCUMENTOS
9.8;Crachá Ver IDENTIFICAÇÃO FUNCIONAL
9.9;Creche Ver INSTITUIÇÃO DO PROGRAMA DE CRECHE
9.10;Credencial Ver IDENTIFICAÇÃO FUNCIONAL
9.11;CREDENCIAMENTO DE JORNALISTAS; 019.111
9.12;Créditos adicionais, especiais, extraordinários e suplementares Ver RETIFICAÇÃO ORÇAMENTÁRIA. CRÉDITOS ADICIONAIS
9.13;CRIAÇÃO E ATUAÇÃO (Participação em órgãos colegiados); 005.1
9.14;CRIAÇÃO E ATUAÇÃO DE GRUPOS DE TRABALHO
.RACIONALIZAÇÃO DO USO DE BENS E SERVIÇOS; 049.11
.RACIONALIZAÇÃO DO USO DE MATERIAL; 039.11
9.15;CRIAÇÃO, EXTINÇÃO, CLASSIFICAÇÃO, TRANSFORMAÇÃO E TRANSPOSIÇÃO DE CARGOS E DE CARREIRAS; 020.022
9.16;CUMPRIMENTO DE ESTÁGIO PROBATÓRIO. HOMOLOGAÇÃO DA ESTABILIDADE; 022.61
9.17;CUMPRIMENTO DE MISSÕES E VIAGENS A SERVIÇO; 028
9.18;CUMPRIMENTO DE MISSÕES E VIAGENS A SERVIÇO
.CUMPRIMENTO DE MISSÕES E VIAGENS A SERVIÇO NO PAÍS; 028.1
.CUMPRIMENTO DE MISSÕES E VIAGENS A SERVIÇO NO PAÌS COM ÔNUS; 028.11
.CUMPRIMENTO DE MISSÕES E VIAGENS A SERVIÇO NO PAÌS COM ÔNUS LIMITADO; 028.12
.CUMPRIMENTO DE MISSÕES E VIAGENS A SERVIÇO NO EXTERIOR; 028.2
.CUMPRIMENTO DE MISSÕES E VIAGENS A SERVIÇO NO EXTERIOR COM ÔNUS; 028.21
.CUMPRIMENTO DE MISSÕES E VIAGENS A SERVIÇO NO EXTERIOR COM ÔNUS LIMITADO; 028.22
.CUMPRIMENTO DE MISSÕES E VIAGENS A SERVIÇO NO EXTERIOR SEM ÔNUS; 028.23
9.19;CUMPRIMENTO DO PERÍODO DE EXPERIÊNCIA; 022.62
9.20;Cursos promovidos pela instituição Ver PROMOÇÃO DE CURSOS PELO ÓRGÃO E ENTIDADE
9.21;Cursos promovidos por outros órgãos Ver PARTICIPAÇÃO EM CURSOS PROMOVIDOS POR OUTROS ÓRGÃOS E ENTIDADES
10.1;DAÇÃO. ADJUDICAÇÃO (Alienação)
.BENS IMÓVEIS; 042.31
.VEÍCULOS; 042.32
10.2;DAÇÃO. ADJUDICAÇÃO (Alienação e baixa)
.MATERIAL DE CONSUMO; 033.32
.MATERIAL PERMANENTE; 033.31
10.3;DAÇÃO. ADJUDICAÇÃO (Aquisição e incorporação)
.BENS IMÓVEIS; 041.31
.MATERIAL DE CONSUMO; 031.32
.MATERIAL PERMANENTE; 031.31
.VEÍCULOS; 041.32
10.4;Danos causados em bens imóveis por intempéries Ver OCORRÊNCIA DE SINISTROS
10.5;DÉCIMO TERCEIRO SALÁRIO; 023.154
10.6;Dedetização Ver CONSERVAÇÃO PREDIAL
10.7;DEFINIÇÃO DO HORÁRIO DE EXPEDIENTE; 029.12
10.8;DELEGAÇÃO DE COMPETÊNCIA E PROCURAÇÃO; 029.4
10.9;Demissão de pessoal Ver VACÂNCIA 
10.10;Demissão de pessoal Ver APLICAÇÃO DE PENALIDADES DISCIPLINARES
10.11;DEMONSTRAÇÃO CONTÁBIL; 052.23
10.12;Denúncias Ver AVERIGUAÇÃO DE DENÚNCIAS
10.13;DESAPARECIMENTO (Gestão de materiais) Ver EXTRAVIO, ROUBO, DESAPARECIMENTO, FURTO E AVARIA
10.14;DESAPROPRIAÇÃO E DESMEMBRAMENTO; 042.4
10.15;DESCARTE (Gestão de acervos bibliográfico e museológico); 062.42
10.16;Descentralização de créditos orçamentários Ver EXECUÇÃO ORÇAMENTÁRIA
10.17;DESCONTOS (Concessão de direitos e vantagens); 023.17
10.18;DESCONTOS (Concessão de direitos e vantagens)
.CONSIGNAÇÕES FACULTATIVAS; 023.175
.CONTRIBUIÇÃO PARA O PLANO DE SEGURIDADE SOCIAL; 023.172
.CONTRIBUIÇÃO SINDICAL, ASSISTENCIAL E CONFEDERATIVA; 023.17
.IMPOSTO DE RENDA RETIDO NA FONTE (IRRF); 023.173
.PENSÃO ALIMENTÍCIA; 023.174
10.19;Descrição (Tratamento técnico da documentação arquivística permanente) Ver ARRANJO E DESCRIÇÃO
10.20;DESENVOLVIMENTO E CONTROLE DE SISTEMAS INFORMATIZADOS; 066.1
10.21;DESFAZIMENTO; 033.4
.MATERIAL DE CONSUMO; 033.42
.MATERIAL PERMANENTE; 033.41
10.22;Designação de pessoal Ver PROVIMENTO DE CARGO PÚBLICO
10.23;DESINCORPORAÇÃO (Gestão de acervos bibliográfico e museológico); 062.4
10.24;Desinfestação Ver CONSERVAÇÃO PREDIAL
10.25;DESINFESTAÇÃO E HIGIENIZAÇÃO (Conservação e preservação de acervos); 064.1
10.26;Desligamento de pessoal da administração pública Ver PROVIMENTO, MOVIMENTAÇÃO E VACÂNCIA
10.27;Desmembramento de bens imóveis Ver DESAPROPRIAÇÃO E DESMEMBRAMENTO
10.28;Despachos Ver COORDENAÇÃO E GESTÃO DE REUNIÕES
10.29;DESPEJO DE PERMISSIONÁRIO; 043.3
10.30;DESPESA; 052.22
11.1;DESPESA CORRENTE; 052.221
11.2;DESPESA DE CAPITAL; 052.222
11.3;Despesas condominiais Ver SERVIÇOS DE CONDOMÍNIO
11.4;Destituição de cargo e função Ver APLICAÇÃO DE PENALIDADES DISCIPLINARES
11.5;Destruição de materiais Ver DESFAZIMENTO
11.6;DETALHAMENTO DE DESPESA; 051.2
11.7;DEVOLUÇÃO AO ERÁRIO; 059.4
11.8;Diagnóstico Ver AVALIAÇÃO DA GESTÃO INSTITUCIONAL
11.9;Diagnóstico dos serviços de arquivo Ver ANÁLISE DA SITUAÇÃO ARQUIVÍSTICA
11.10;Diárias Ver CUMPRIMENTO DE MISSÕES E VIAGENS A SERVIÇO
11.11;DIGITALIZAÇÃO; 064.32
11.12;Diploma de honra ao mérito Ver INCENTIVOS FUNCIONAIS
11.13;Direitos Ver CONCESSÃO DE DIREITOS E VANTAGENS
11.14;Direitos autorais Ver EDIÇÃO. COEDIÇÃO
11.15;Dispensa de licitação Ver CONTRATAÇÃO DE PRESTAÇÃO DE SERVIÇOS 
11.16;Dispensa de licitação Ver CONTRATAÇÃO DE SERVIÇOS PROFISSIONAIS TRANSITÓRIOS
11.17;Dispensa de pessoal Ver VACÂNCIA
11.18;Disponibilidade Ver APLICAÇÃO DE PENALIDADES DISCIPLINARES
11.19;Disponibilidade de pessoal Ver PROVIMENTO DE CARGO PÚBLICO
11.20;Dissídios coletivos Ver RELAÇÃO COM SINDICATOS
11.21;Distribuição de material Ver CONTROLE DE ESTOQUE
11.22;DIVULGAÇÃO (Gestão de eventos); 912
11.23;Distribuição da produção editorial Ver PROMOÇÃO, DIVULGAÇÃO E DISTRIBUIÇÃO
11.24;Divulgação da produção editorial Ver PROMOÇÃO, DIVULGAÇÃO E DISTRIBUIÇÃO
11.25;DIVULGAÇÃO DE LISTAS TELEFÔNICAS INTERNAS; 073.4
11.26;DIVULGAÇÃO DOS RESULTADOS E INTERPOSIÇÃO DE RECURSOS
.PREENCHIMENTO DE FUNÇÃO DE DIREÇÃO; 014.4
.RECRUTAMENTO E SELEÇÃO; 021.5
11.27;DOAÇÃO (Aquisição e incorporação) Acervos bibliográfico e museológico; 062.12
11.28;DOAÇÃO (Desincorporação) Acervos bibliográfico e museológico; 062.41
11.29;Doação de sangue Ver CONCESSÕES (Concessão de direitos e vantagens)
11.30;DOAÇÃO E PERMUTA (Alienação)
.BENS IMÓVEIS; 042.21
.BENS SEMOVENTES; 042.23
.VEÍCULOS; 042.22
11.31;DOAÇÃO E PERMUTA (Alienação e baixa)
.MATERIAL DE CONSUMO; 033.22
.MATERIAL PERMANENTE; 033.21
11.32;DOAÇÃO E PERMUTA (Aquisição e incorporação)
.BENS IMÓVEIS; 041.21
.BENS SEMOVENTES; 041.23
.MATERIAL DE CONSUMO; 031.22
.MATERIAL PERMANENTE; 031.21
.VEÍCULOS; 041.22
11.33;Documento de arquivo Ver GESTÃO DE DOCUMENTOS DE ARQUIVO
11.34;Doença Ver AUXÍLIOS (Concessão de benefícios de seguridade e previdência social)
11.35;Doenças ocupacionais Ver SEGURANÇA DO TRABALHO. PREVENÇÃO DE ACIDENTES DE TRABALHO
12.1;EDIÇÃO. COEDIÇÃO 065.1
12.2;Editais de concurso público Ver PLANEJAMENTO DO PROCESSO SELETIVO
12.3;Editais de licitação Ver CONTRATAÇÃO DE PRESTAÇÃO DE SERVIÇOS 
12.4;Editais de licitação Ver CONTRATAÇÃO DE SERVIÇOS PROFISSIONAIS TRANSITÓRIOS
12.5;Edital de ciência de eliminação de documentos Ver ELIMINAÇÃO
12.6;EDITORAÇÃO E PROGRAMAÇÃO VISUAL; 065.2
12.7;Editoriais Ver RELAÇÃO COM A IMPRENSA
12.8;ELABORAÇÃO DE CAMPANHAS PUBLICITÁRIAS; 019.113
12.9;ELABORAÇÃO DE INSTRUMENTOS DE PESQUISA; 069.12
12.10;ELABORAÇÃO DOS INSTRUMENTOS DE AVALIAÇÃO (Gestão institucional); 015.31
12.11;ELABORAÇÃO DOS INSTRUMENTOS TÉCNICOS DE GESTÃO DE DOCUMENTOS; 061.4
12.12;ELABORAÇÃO DOS INSTRUMENTOS TÉCNICOS DE GESTÃO DE DOCUMENTOS Ver APLICAÇÃO DOS INSTRUMENTOS TÉCNICOS DE GESTÃO DE DOCUMENTOS
12.13;Eleição para função de direção Ver PREENCHIMENTO DE FUNÇÃO DE DIREÇÃO
12.14;ELEVADORES (Manutenção e reparo das instalações); 045.21
12.15;ELIMINAÇÃO (Aplicação dos instrumentos técnicos de gestão de documentos); 061.521
12.16;Eliminação de materiais Ver DESFAZIMENTO
12.17;Elogios Ver INCENTIVOS FUNCIONAIS
12.18;Elogios (Ouvidoria) Ver CONTROLE DE SATISFAÇÃO DO USUÁRIO
12.19;EMISSÃO DE CERTIFICADOS (Gestão de eventos); 914
12.20;EMPLACAMENTO (Administração da frota de veículos); 044.1
12.21;EMPREGADOS PÚBLICOS (Assentamento funcional); 020.11
12.22;EMPRÉSTIMO (Gestão de materiais) Ver CESSÃO, COMODATO E EMPRÉSTIMO
12.23;EMPRÉSTIMO E DEVOLUÇÃO DE MATERIAL PERMANENTE; 039.2
12.24;EMPRÉSTIMOS (Controle de acesso e de movimentação de acervos); 063.2
12.25;Encadernação Ver RESTAURAÇÃO (Conservação e preservação de acervos)
12.26;ENCARGOS PATRONAIS Ver OBRIGAÇÕES TRABALHISTAS E ESTATUTÁRIAS, ENCARGOS PATRONAIS E RECOLHIMENTOS
12.27;Encontro Ver GESTÃO DE EVENTOS
13.1;ENERGIA ELÉTRICA (Fornecimento de serviços públicos essenciais); 045.13
13.2;Enquadramento Ver REESTRUTURAÇÃO E ALTERAÇÃO SALARIAL
13.3;Entrada de material Ver AUTORIZAÇÃO DE ENTRADA E SAÍDA DE MATERIAL
13.4;Entrada de material Ver CONTROLE DE PORTARIA
13.5;Equiparação salarial Ver REESTRUTURAÇÃO E ALTERAÇÃO SALARIAL
13.6;Escala de plantão Ver DEFINIÇÃO DO HORÁRIO DE EXPEDIENTE
13.7;Escritura de bens imóveis Ver REGISTRO DOS IMÓVEIS
13.8;Especificação de requisitos de sistemas informatizados Ver DESENVOLVIMENTO E CONTROLE DE SISTEMAS INFORMATIZADOS
13.9;ESPECIFICAÇÃO, PADRONIZAÇÃO, CODIFICAÇÃO, PREVISÃO, IDENTIFICAÇÃO E CLASSIFICAÇÃO (Gestão de materiais); 030.03
13.10;ESTACIONAMENTO. GARAGEM; 044.5
13.11;ESTAGIÁRIOS (Assentamento funcional); 020.13
13.12;Estágio probatório Ver CUMPRIMENTO DE ESTÁGIO PROBATÓRIO. HOMOLOGAÇÃO DA ESTABILIDADE
13.13;Estágios destinados aos servidores Ver PROMOÇÃO DE ESTÁGIOS PELO ÓRGÃO E ENTIDADE 
13.14;Estágios destinados aos servidores Ver PARTICIPAÇÃO EM ESTÁGIOS PROMOVIDOS POR OUTROS ÓRGÃOS E ENTIDADES
13.15;Estornos de créditos orçamentários Ver EXECUÇÃO ORÇAMENTÁRIA
13.16;Exames admissionais e demissionais Ver ASSENTAMENTO FUNCIONAL
13.17;Exames de aptidão física Ver RECRUTAMENTO E SELEÇÃO
13.18;Exames médicos Ver PRONTUÁRIO MÉDICO E ODONTOLÓGICO
13.19;EXECUÇÃO DE OBRAS; 045.3
13.20;EXECUÇÃO DE SERVIÇOS DE INSTALAÇÃO E MANUTENÇÃO; 035
13.21;EXECUÇÃO DE SERVIÇOS PELO ÓRGÃO E ENTIDADE; 072
13.22;EXECUÇÃO E ACOMPANHAMENTO (Gestão de processos); 016.2
13.23;EXECUÇÃO E ACOMPANHAMENTO (Gestão institucional); 015.32
13.24;EXECUÇÃO FINANCEIRA; 052.2
13.25;EXECUÇÃO ORÇAMENTÁRIA; 051.3
13.26;Exemplares únicos de provas de concursos públicos Ver PLANEJAMENTO DO PROCESSO SELETIVO
13.27;EXERCÍCIO (Movimentação de pessoal); 022.21
13.28;Exibição de filmes e vídeos Ver GESTÃO DE EVENTOS
13.29;Exoneração de pessoal Ver VACÂNCIA
13.30;Expedição de documentos Ver ADOÇÃO E CONTROLE DOS PROCEDIMENTOS DE PROTOCOLO
13.31;Explosão em bens imóveis Ver OCORRÊNCIA DE SINISTROS
13.32;Exposição Ver GESTÃO DE EVENTOS
13.33;EXTINÇÃO DE CARGOS E DE CARREIRAS; 020.022
13.34;Extratos de contas correntes Ver GESTÃO DE CONTAS CORRENTES BANCÁRIAS: TIPO A, B, C, D e E
13.35;Extratos de conta única Ver GESTÃO DE CONTA ÚNICA
13.36;EXTRAVIO, ROUBO, DESAPARECIMENTO, FURTO E AVARIA (Gestão de materiais); 033.6
13.37;Eventos Ver GESTÃO DE EVENTOS
14.1;Falecimento de pessoal Ver VACÂNCIA
14.2;Falecimento de familiares (Nojo) Ver CONCESSÕES
14.3;Fax Ver SERVIÇO DE TELEFONIA. SERVIÇO DE FAX
14.4;Feira Ver GESTÃO DE EVENTOS
14.5;Felicitações Ver GESTÃO DE COMUNICAÇÕES EVENTUAIS
14.6;FÉRIAS; 023.2
14.7;Festa Ver GESTÃO DE EVENTOS
14.8;FGTS Ver FUNDO DE GARANTIA DO TEMPO DE SERVIÇO
14.9;Fichas financeiras Ver FOLHAS DE PAGAMENTO
14.10;Fichas catalográficas Ver CATALOGAÇÃO, CLASSIFICAÇÃO E INDEXAÇÃO
14.11;FIXAÇÃO DE CUSTOS DE SERVIÇOS; 059.3
14.12;Fluxo documental Ver LEVANTAMENTO DA PRODUÇÃO E DO FLUXO DOCUMENTAL
14.13;Fôlderes Ver DIVULGAÇÃO (Gestão de eventos)
14.14;FOLHAS DE PAGAMENTO; 023.11
14.15;Folha de ponto Ver CONTROLE DE FREQUÊNCIA
14.16;Folhetos Ver DIVULGAÇÃO (Gestão de eventos)
14.17;FORNECIMENTO DE CÓPIAS DE DOCUMENTOS; 069.2
14.18;FORNECIMENTO DE SERVIÇOS PÚBLICOS ESSENCIAIS; 045.1
14.19;FORNECIMENTO DE TRANSPORTE (Concessão de direitos e vantagens); 023.93
14.20;Frequência Ver CONTROLE DE FREQUÊNCIA
14.21;FUNDO DE GARANTIA DO TEMPO DE SERVIÇO (FGTS); 023.182
14.22;Fundos especiais Ver GESTÃO DE FUNDOS ESPECIAIS
14.23;Funeral Ver AUXÍLIOS (Concessão de benefícios de seguridade e previdência social)
14.24;FURTO (Gestão de materiais) Ver EXTRAVIO, ROUBO, DESAPARECIMENTO, FURTO E AVARIA
14.25;Furto de veículos Ver OCORRÊNCIA DE SINISTROS (Administração da frota de veículos)
15.1;Gabaritos de provas de concursos públicos Ver PLANEJAMENTO DO PROCESSO SELETIVO
15.2;Gala (Casamento) Ver CONCESSÕES
15.3;GARAGEM; 044.5
15.4;GÁS (Fornecimento de serviços públicos essenciais); 045.12
15.5;GERADORES (Manutenção e reparo das instalações); 045.23
15.6;GERENCIAMENTO DE DESEMPENHO; 016.5
15.7;GERENCIAMENTO E USO
.ADMINISTRAÇÃO DA INFRAESTRUTURA TECNOLÓGICA; 066.32
.ADMINISTRAÇÃO DE BANCO DE DADOS; 066.42
15.8;GESTÃO AMBIENTAL; 017
15.9;GESTÃO DA CONTA ÚNICA; 053.2
15.10;GESTÃO DA DOCUMENTAÇÃO E DA INFORMAÇÃO; 060
15.11;GESTÃO DE ACERVOS BIBLIOGRÁFICO E MUSEOLÓGICO; 062
15.12;GESTÃO DE BENS PATRIMONIAIS E DE SERVIÇOS; 040
15.13;GESTÃO DE COMUNICAÇÕES EVENTUAIS; 991
15.14;GESTÃO DE CONTAS CORRENTES BANCÁRIAS: TIPO A, B, C, D e E; 053.3
15.15;GESTÃO DE CONTAS ESPECIAIS; 053.4
15.16;Gestão de depósitos Ver MOVIMENTAÇÃO DE ACERVOS
15.17;GESTÃO DE DOCUMENTOS DE ARQUIVO; 061
15.18;GESTÃO DE EVENTOS; 910
15.19;GESTÃO DE FUNDOS ESPECIAIS; 052.24
15.20;GESTÃO DE MATERIAIS; 030
15.21;GESTÃO DE PESSOAS; 020
15.22;GESTÃO DE PROCESSOS; 016
15.23;GESTÃO DE TECNOLOGIA DA INFORMAÇÃO; 066
15.24;GESTÃO DOS SERVIÇOS POSTAIS E DE TELECOMUNICAÇÕES; 070
15.25;GESTÃO FINANCEIRA; 052
15.26;GESTÃO INSTITUCIONAL; 015
15.27;GESTÃO ORÇAMENTÁRIA; 051
15.28;GESTÃO ORÇAMENTÁRIA E FINANCEIRA; 050
15.29;Gestão pública Ver CONTROLE E FISCALIZAÇÃO DA GESTÃO PÚBLICA
15.30;GRATIFICAÇÕES; 023.15
15.31;GRATIFICAÇÕES
.CARGOS EM COMISSÃO; 023.153
.DESEMPENHO; 023.155
.ENCARGO; 023.156
.FUNÇÃO; 023.151
.JETON; 023.152
.NATALINA; 023.154
.TITULAÇÃO; 023.157
15.32;GREVES; 020.032
15.33;GRU Ver Guia de Recolhimento da União
15.34;Grupos de trabalho Ver CRIAÇÃO E ATUAÇÃO DE GRUPOS DE TRABALHO 
15.35;Grupos de trabalho Ver PARTICIPAÇÃO EM ÓRGÃOS COLEGIADOS
15.36;GUARDA E SEGURANÇA PATRIMONIAL; 046
15.37;Guia de recolhimento Ver RECOLHIMENTO
15.38;Guia de Recolhimento da União (GRU) Ver RESTITUIÇÃO DE RENDAS ARRECADADAS
15.39;Guia de transferência Ver TRANSFERÊNCIA
16.1;HABILITAÇÃO, JULGAMENTO E RECURSOS (Gestão de eventos); 916
16.2;HABILITAÇÃO JURÍDICA E REGULARIZAÇÃO FISCAL; 012
16.3;Higiene nos locais de trabalho Ver PRESERVAÇÃO DA SAÚDE E HIGIENE
16.4;Higienização das áreas de armazenamento de acervos Ver DESINFESTAÇÃO E HIGIENIZAÇÃO
16.5;Homenagem Ver GESTÃO DE EVENTOS
16.6;HOMOLOGAÇÃO DA ESTABILIDADE; 022.61
16.7;Horário de expediente Ver DEFINIÇÃO DO HORÁRIO DE EXPEDIENTE
16.8;Horário especial Ver CONTROLE DE FREQUÊNCIA
16.9;Horário especial para servidor Ver CONCESSÕES (Concessão de direitos e vantagens)
16.10;HORAS EXTRAS (Adicionais); 023.166
16.11;Horas Extras Ver CONTROLE DE FREQUÊNCIA
16.12;IDENTIFICAÇÃO (Gestão de materiais); 030.03
16.13;IDENTIFICAÇÃO FUNCIONAL; 020.2
16.14;Imóveis Ver BENS IMÓVEIS
16.15;IMPLEMENTAÇÃO DAS POLÍTICAS DE PESSOAL; 020.02
16.16;Importação de acervos bibliográfico e museológico Ver COMPRA (Acervos bibliográfico e museológico)
16.17;Importação de animais Ver COMPRA (Bens semoventes)
16.18;Importação de veículos Ver COMPRA (Veículos)
16.19;Importação de materiais Ver COMPRA (Material de consumo) 
16.20;Importação de materiais Ver COMPRA (Material permanente)
16.21;Impostos Ver RECOLHIMENTO DE TRIBUTOS, IMPOSTOS E TAXAS
16.22;IMPOSTO DE RENDA (Obrigações trabalhistas e estatutárias, encargos patronais e recolhimentos); 023.185
16.23;IMPOSTO DE RENDA RETIDO NA FONTE (Descontos); 023.173
16.24;Imunização Ver CONSERVAÇÃO PREDIAL
16.25;Incêndio em bens imóveis Ver OCORRÊNCIA DE SINISTROS
16.26;Incêndio em veículos Ver OCORRÊNCIA DE SINISTROS (Administração da frota de veículos)
16.27;Incentivos fiscais Ver CONCESSÃO DE BENEFÍCIOS, ESTÍMULOS E INCENTIVOS
16.28;INCENTIVOS FUNCIONAIS; 029.3
17.1;INDENIZAÇÃO; 023.7
17.2;Indexação de itens bibliográfico e museológico Ver CATALOGAÇÃO, CLASSIFICAÇÃO E INDEXAÇÃO
17.3;Indicadores de desempenho Ver GESTÃO INSTITUCIONAL
17.4;Inexigibilidade de licitação Ver CONTRATAÇÃO DE PRESTAÇÃO DE SERVIÇOS 
17.5;Inexigibilidade de licitação Ver CONTRATAÇÃO DE SERVIÇOS PROFISSIONAIS TRANSITÓRIOS
17.6;Informes Ver GESTÃO DE COMUNICAÇÕES EVENTUAIS
17.7;Infrações Ver NOTIFICAÇÕES DE INFRAÇÕES E MULTAS
17.8;Infrações de pessoal Ver APURAÇÃO DE RESPONSABILIDADE DISCIPLINAR
17.9;Ingresso de pessoal na administração pública Ver PROVIMENTO, MOVIMENTAÇÃO E VACÂNCIA
17.10;INGRESSO EXTRAORÇAMENTÁRIO; 052.213
17.11;Inquéritos Ver AVERIGUAÇÃO DE DENÚNCIAS
17.12;INSALUBRIDADE (Adicionais); 023.164
17.13;INSCRIÇÃO
.PREENCHIMENTO DE FUNÇÃO DE DIREÇÃO; 014.2
.RECRUTAMENTO E SELEÇÃO; 021.2
17.14;INSCRIÇÃO E CONTROLE DE FREQUÊNCIA (Gestão de eventos); 913
17.15;INSCRIÇÃO E FREQUÊNCIA
.PROMOÇÃO DE CURSOS PELO ÓRGÃO E ENTIDADE; 024.12
.PROMOÇÃO DE ESTÁGIOS PELO ÓRGÃO E ENTIDADE; 024.32
17.16;INSCRIÇÃO, SELEÇÃO, ADMISSÃO E RENOVAÇÃO (Instituição do programa de creche); 029.22
17.17;Inscrição nos órgãos competentes Ver HABILITAÇÃO JURÍDICA E REGULARIZAÇÃO FISCAL
17.18;INSPEÇÃO PATRIMONIAL; 043.5
17.19;Inspeções da qualidade e segurança do ambiente do trabalho Ver COMPOSIÇÃO E ATUAÇÃO DA CIPA
17.20;Inspeções periódicas de saúde Ver PRONTUÁRIO MÉDICO E ODONTOLÓGICO
17.21;INSTALAÇÃO DE EQUIPAMENTOS (Gestão de tecnologia da informação); 066.2
17.22;INSTALAÇÃO E CONFIGURAÇÃO (Administração de banco de dados); 066.41
17.23;INSTALAÇÃO E MANUTENÇÃO DE EQUIPAMENTOS DE COMBATE A INCÊNDIO; 046.13
17.24;INSTITUIÇÃO DO PROGRAMA DE CRECHE; 029.2
17.25;Instrumentos de pesquisa Ver ELABORAÇÃO DE INSTRUMENTOS DE PESQUISA
17.26;Inutilização de materiais Ver DESFAZIMENTO
17.27;INVENTÁRIO (Gestão de acervos bibliográfico e museológico); 062.3
17.28;INVENTÁRIO DE BENS IMÓVEIS; 047.1
17.29;INVENTÁRIO DE BENS SEMOVENTES; 047.3
17.30;INVENTÁRIO DE MATERIAL DE CONSUMO; 036.2
17.31;INVENTÁRIO DE MATERIAL PERMANENTE; 036.1
17.32;INVENTÁRIO DE VEÍCULOS; 047.2
17.33;IRRF Ver IMPOSTO DE RENDA RETIDO NA FONTE (Descontos)
18.1;Jardinagem Ver CONSERVAÇÃO PREDIAL
18.2;JETONS (Gratificações); 023.152
18.3;Jornada Ver GESTÃO DE EVENTOS
18.4;Jornada de trabalho Ver REESTRUTURAÇÃO E ALTERAÇÃO SALARIAL
18.5;Juntas Ver PARTICIPAÇÃO EM ÓRGÃOS COLEGIADOS
18.6;Lançamento de livros Ver GESTÃO DE EVENTOS
18.7;Laudos médicos Ver PRONTUÁRIO MÉDICO E ODONTOLÓGICO
18.8;Leasing Ver LOCAÇÃO. ARRENDAMENTO MERCANTIL (LEASING)
18.9;LEI DOS DOIS TERÇOS. RELAÇÃO ANUAL DE INFORMAÇÕES SOCIAIS (RAIS); 023.186
18.10;Leilão (Modalidade de licitação) Ver CONTRATAÇÃO DE PRESTAÇÃO DE SERVIÇOS 
18.11;Leilão (Modalidade de licitação) Ver CONTRATAÇÃO DE SERVIÇOS PROFISSIONAIS TRANSITÓRIOS
18.12;Leilão de bens imóveis Ver COMPRA (Bens imóveis)
18.13;Leilão de materiais Ver VENDA (Material de consumo) 
18.14;Leilão de materiais Ver VENDA (Material permanente)
18.15;Leilão de animais Ver VENDA (Bens semoventes)
18.16;Leilão de imóveis Ver VENDA (Bens imóveis)
18.17;Leilão de veículos Ver VENDA (Veículos)
18.18;LEVANTAMENTO DA PRODUÇÃO E DO FLUXO DOCUMENTAL; 061.3
18.19;LICENÇAS (Concessão de benefícios de seguridade e previdência social)
.Acidente em serviço; 026.4
.Adotante; 026.4
.Gestante; 026.4
.Paternidade; 026.4
.Tratamento de saúde; 026.4
18.20;LICENÇAS (Concessão de direitos e vantagens)
.Afastamento do cônjuge ou companheiro; 023.3
.Atividade política; 023.3
.Capacitação profissional; 023.3
.Desempenho de mandato classista; 023.3
.Doença em pessoa da família; 023.3
.Incentivada sem remuneração; 023.3
.Prêmio por assiduidade; 023.3
.Serviço militar; 023.3
.Tratamento de interesses particulares; 023.3
18.21;LICENCIAMENTO (Administração da frota de veículos); 044.1
18.22;Licitação Ver CONTRATAÇÃO DE PRESTAÇÃO DE SERVIÇOS 
18.23;Licitação Ver CONTRATAÇÃO DE SERVIÇOS PROFISSIONAIS TRANSITÓRIOS
18.24;Listagem descritiva do acervo Ver RECOLHIMENTO 
18.25;Listagem descritiva do acervo Ver TRANSFERÊNCIA
18.26;Listagem de eliminação de documentos Ver ELIMINAÇÃO
18.27;Listas telefônicas Ver DIVULGAÇÃO DE LISTAS TELEFÔNICAS INTERNAS
18.28;Livro de ponto Ver CONTROLE DE FREQUÊNCIA
18.29;Livro-razão Ver DEMONSTRAÇÃO CONTÁBIL
18.30;Livro de tombo Ver INVENTÁRIO (Gestão de acervos bibliográfico e museológico)
18.31;LOCAÇÃO. ARRENDAMENTO MERCANTIL (LEASING) (Aquisição e incorporação de material permanente); 031.5
18.32;LOCAÇÃO. ARRENDAMENTO MERCANTIL (LEASING). SUBLOCAÇÃO (Aquisição e incorporação)
.BENS IMÓVEIS; 041.61
.VEÍCULOS; 041.62
18.33;LOCAÇÃO. ARRENDAMENTO. SUBLOCAÇÃO
.BENS IMÓVEIS; 042.6
18.34;Locação de espaço e mobiliário Ver CONTRATAÇÃO DE PRESTAÇÃO DE SERVIÇOS (Gestão de eventos)
18.35;LOCOMOÇÃO (Reembolso de despesas. Indenização); 023.72
18.36;LOTAÇÃO, EXERCÍCIO E PERMUTA (Movimentação de pessoal); 022.21
19.1;Manuais de usuário Ver DESENVOLVIMENTO E CONTROLE DE SISTEMAS INFORMATIZADOS 
19.2;Manuais de usuário Ver INSTALAÇÃO DE EQUIPAMENTOS
19.3;Manual dos equipamentos Ver INSTALAÇÃO DE EQUIPAMENTOS
19.4;MANUTENÇÃO DE EQUIPAMENTOS DE COMBATE A INCÊNDIO; 046.13
19.5;MANUTENÇÃO DE VEÍCULOS; 045.5
19.6;MANUTENÇÃO E REPARO DAS INSTALAÇÕES; 045.2
19.7;Mapeamento de processos Ver GESTÃO DE PROCESSOS
19.8;MATERIAL DE CONSUMO Ver GESTÃO DE MATERIAIS
19.9;MATERIAL PERMANENTE Ver GESTÃO DE MATERIAIS
19.10;Mesa redonda Ver GESTÃO DE EVENTOS
19.11;MICROFILMAGEM; 064.31
19.12;Missões fora da sede Ver CUMPRIMENTO DE MISSÕES E VIAGENS A SERVIÇO
19.13;Medalhas Ver INCENTIVOS FUNCIONAIS
19.14;MODELAGEM DE PROCESSOS; 016.4
19.15;MONITORAMENTO. VIGILÂNCIA; 046.2
19.16;Mostra Ver GESTÃO DE EVENTOS
19.17;MOVIMENTAÇÃO DE ACERVOS; 063.3
19.18;Movimentação de créditos orçamentários Ver EXECUÇÃO ORÇAMENTÁRIA
19.19;MOVIMENTAÇÃO DE MATERIAL; 032
19.20;MOVIMENTAÇÃO DE PESSOAL; 022.2
19.21;MOVIMENTOS REIVINDICATÓRIOS. GREVES. PARALISAÇÕES; 020.032
19.22;MUDANÇA; 043.6
.DENTRO DO MESMO IMÓVEL; 043.62
.PARA OUTROS IMÓVEIS; 043.61
19.23;MUDANÇA DE DOMICÍLIO (Reembolso de despesas. Indenização); 023.71
19.24;Multas Ver NOTIFICAÇÕES DE INFRAÇÕES E MULTAS
20.1;Natalidade Ver AUXÍLIOS (Concessão de benefícios de seguridade e previdência social)
20.2;Nojo (falecimento) Ver CONCESSÕES
20.3;Nomeação de pessoal Ver PROVIMENTO DE CARGO PÚBLICO
20.4;NOMEAÇÃO E ATUAÇÃO DA COMISSÃO ELEITORAL (Preenchimento de função de direção); 014.1
20.5;NORMATIZAÇÃO. REGULAMENTAÇÃO
.ATENDIMENTO AO CIDADÃO; 002.01
.CONTROLE E FISCALIZAÇÃO DA GESTÃO PÚBLICA; 003.01
.GESTÃO DA DOCUMENTAÇÃO E DA INFORMAÇÃO; 060.01
.GESTÃO DE BENS PATRIMONIAIS E DE SERVIÇOS; 040.01
.GESTÃO DE EVENTOS; 910.01
.GESTÃO DE MATERIAIS; 030.01
.GESTÃO DE PESSOAS; 020.01
.GESTÃO DE SERVIÇOS POSTAIS E DE TELECOMUNICAÇÕES; 070.01
.GESTÃO ORÇAMENTÁRIA E FINANCEIRA; 050.01
.ORGANIZAÇÃO E FUNCIONAMENTO; 010.01
.PROMOÇÃO DE VISITAS; 920.01
.NOTIFICAÇÕES DE INFRAÇÕES E MULTAS; 044.6
20.6;Obras em bens imóveis Ver EXECUÇÃO DE OBRAS
20.7;OBRIGAÇÕES TRABALHISTAS E ESTATUTÁRIAS, ENCARGOS PATRONAIS E RECOLHIMENTOS; 023.18
20.8;OCORRÊNCIA DE SINISTROS (Administração de frota de veículos); 044.3
20.9;OCORRÊNCIA DE SINISTROS (Proteção, guarda e segurança patrimonial); 046.3
20.10;OCUPAÇÃO DE IMÓVEL FUNCIONAL; 023.92
20.11;OCUPANTES DE CARGO COMISSIONADO (Assentamento funcional); 020.14
20.12;OCUPANTES DE FUNÇÃO DE CONFIANÇA (Assentamento funcional); 020.14
20.13;Oferta de estágios e bolsas para estudantes Ver CONCESSÃO DE ESTÁGIOS E BOLSAS PARA ESTUDANTES
20.14;OFERTA DE SERVIÇOS DE REFEITÓRIOS, CANTINAS E COPAS; 025.22
20.15;OPERAÇÃO BANCÁRIA; 053
20.16;OPERACIONALIZAÇÃO (Coordenação e gestão de reuniões); 013.1
20.17;OPERACIONALIZAÇÃO DE REUNIÕES
.Constituição da CPAD; 061.012
.PARTICIPAÇÃO EM ÓRGÃOS COLEGIADOS; 005.2
.Constituição da CIPA; 025.312
.RACIONALIZAÇÃO DO USO DE BENS E SERVIÇOS; 049.12
.RACIONALIZAÇÃO DO USO DE MATERIAL; 039.12
20.18;Ordenação de despesas Ver DELEGAÇÃO DE COMPETÊNCIA E PROCURAÇÃO
20.19;ORGANIZAÇÃO ADMINISTRATIVA; 011
20.20;ORGANIZAÇÃO E FUNCIONAMENTO; 010
20.21;Órgãos colegiados Ver PARTICIPAÇÃO EM ÓRGÃOS COLEGIADOS
20.22;ORIENTAÇÃO MÉDICA, NUTRICIONAL, ODONTOLÓGICA E PSICOLÓGICA; 025.12
20.23;ORIENTAÇÃO TÉCNICA E NORMATIVA; 004.1
20.24;OUTRAS AÇÕES REFERENTES À ADMINISTRAÇÃO DE ATIVIDADES ACESSÓRIAS; 990
20.25;OUTRAS AÇÕES REFERENTES À CONCESSÃO DE BENEFÍCIOS DE SEGURIDADE E PREVIDÊNCIA SOCIAL;026.9
20.26;OUTRAS AÇÕES REFERENTES À CONCESSÃO DE DIREITOS E VANTAGENS; 023.9
20.27;OUTRAS AÇÕES REFERENTES À GESTÃO DE BENS PATRIMONIAIS E DE SERVIÇOS; 049
20.28;OUTRAS AÇÕES REFERENTES À GESTÃO DA DOCUMENTAÇÃO E DA INFORMAÇÃO; 069
20.29;OUTRAS AÇÕES REFERENTES À GESTÃO DE EVENTOS; 919
20.30;OUTRAS AÇÕES REFERENTES À GESTÃO DE MATERIAIS; 039
20.31;OUTRAS AÇÕES REFERENTES À GESTÃO DE PESSOAS; 029
20.32;OUTRAS AÇÕES REFERENTES À GESTÃO DE TECNOLOGIA DA INFORMAÇÃO; 066.9
20.33;OUTRAS AÇÕES REFERENTES À GESTÃO ORÇAMENTÁRIA E FINANCEIRA; 059
20.34;OUTRAS AÇÕES REFERENTES À ORGANIZAÇÃO E FUNCIONAMENTO; 019
20.35;OUTRAS AÇÕES REFERENTES AO PAGAMENTO DE VENCIMENTOS REMUNERAÇÕES. SALÁRIOS. PROVENTOS; 023.19
20.36;Ouvidoria Ver ATENDIMENTO AO CIDADÃO
21.1;PAD Ver AVERIGUAÇÃO DE DENÚNCIAS
21.2;PADRONIZAÇÃO (Gestão de materiais); 030.03
21.3;PAGAMENTO DE VENCIMENTOS. REMUNERAÇÕES. SALÁRIOS. PROVENTOS; 023.1
21.4;PAGAMENTO EM MOEDA ESTRANGEIRA; 053.1
21.5;PARALISAÇÕES; 020.032
21.6;PERICULOSIDADE (Adicionais); 023.163
21.7;PARTICIPAÇÃO EM CURSOS PROMOVIDOS POR OUTROS ÓRGÃOS E ENTIDADES; 024.2
21.8;PARTICIPAÇÃO EM ESTÁGIOS PROMOVIDOS POR OUTROS ÓRGÃOS E ENTIDADES; 024.4
21.9;PARTICIPAÇÃO EM EVENTOS PROMOVIDOS E REALIZADOS POR OUTRAS INSTITUIÇÕES; 919.1
21.10;PARTICIPAÇÃO EM ÓRGÃOS COLEGIADOS; 005
21.11;PASEP Ver PROGRAMA DE FORMAÇÃO DO PATRIMÔNIO DO SERVIDOR PÚBLICO
21.12;Passagens Ver CUMPRIMENTO DE MISSÕES E VIAGENS A SERVIÇOS
21.13;Passaporte Ver IDENTIFICAÇÃO FUNCIONAL
21.14;Patrimônio Ver GESTÃO DE BENS PATRIMONIAIS E DE SERVIÇOS
21.15;PDI Ver Plano de desenvolvimento institucional
21.16;PDV Ver VACÂNCIA
21.17;PEDIDO DE ACESSO À INFORMAÇÃO E RECURSO; 002.11
21.18;Penalidades disciplinares Ver APLICAÇÃO DE PENALIDADES DISCIPLINARES
21.19;PENSÃO ALIMENTÍCIA (Descontos); 023.174
21.20;PENSÃO POR MORTE; 026.6
21.21;PENSÃO PROVISÓRIA. PENSÃO TEMPORÁRIA; 026.61
21.22;PENSÃO TEMPORÁRIA; 026.61
21.23;PENSÃO VITALÍCIA; 026.62
21.24;Perícias médicas Ver LICENÇAS (Concessão de benefícios de seguridade e previdência social) 
21.25;Perícias médicas Ver LICENÇAS (Concessão de direitos e vantagens)
21.26;Perícias técnicas Ver OCORRÊNCIA DE SINISTROS (Proteção, guarda e segurança patrimonial)
21.27;PERICULOSIDADE (Adicionais); 023.163
21.28;Periódicos Ver GESTÃO DE ACERVOS BIBLIOGRÁFICO E MUSEOLÓGICO 
21.29;Periódicos Ver PRODUÇÃO EDITORIAL
21.30;Período de experiência Ver CUMPRIMENTO DO PERÍODO DE EXPERIÊNCIA
21.31;PERMUTA Ver DOAÇÃO E PERMUTA
21.32;PERMUTA (Gestão de acervos bibliográfico e museológico); 062.13
21.33;PERMUTA (Movimentação de pessoal); 022.21
21.34;Pêsames Ver GESTÃO DE COMUNICAÇÕES EVENTUAIS
21.35;Pessoal Ver GESTÃO DE PESSOAS
21.36;Pessoal militar Ver Anexo I
21.37;PETIÇÃO DE DIREITOS; 029.6
21.38;PIS Ver PROGRAMA DE INTEGRAÇÃO SOCIAL
21.39;PLANEJAMENTO DA CAPACITAÇÃO; 024.01
21.40;PLANEJAMENTO DA FORÇA DE TRABALHO. PREVISÃO DE PESSOAL; 020.021
21.41;PLANEJAMENTO DO MAPEAMENTO DE PROCESSOS; 016.1
21.42;PLANEJAMENTO DO PROCESSO SELETIVO; 021.1
21.43;PLANEJAMENTO, ELABORAÇÃO E ACOMPANHAMENTO DE PROJETOS (Prevenção de incêndio); 046.11
21.44;PLANEJAMENTO E PROGRAMAÇÃO (Gestão de eventos); 911
21.45;Planejamento estratégico Ver GESTÃO INSTITUCIONAL
22.1;PLANEJAMENTO INSTITUCIONAL; 015.1
22.2;Planejamento plurianual (PPA) Ver GESTÃO INSTITUCIONAL
22.3;Plano de demissão voluntária (PDV) Ver VACÂNCIA
22.4;Plano de desenvolvimento institucional (PDI) Ver GESTÃO INSTITUCIONAL
22.5;Plano de destinação de documentos Ver ELIMINAÇÃO
22.6;PLANO DE ESTÁGIO (Concessão de estágios e bolsas para estudantes); 024.52
22.7;Plano de metas Ver GESTÃO INSTITUCIONAL
22.8;Plano de saúde Ver RESSARCIMENTO DE PLANO DE SAÚDE 
22.9;Plano de saúde Ver CELEBRAÇÃO DE CONVÊNIOS DE PLANOS DE SAÚDE
22.10;Plano de seguridade social Ver CONTRIBUIÇÃO PARA O PLANO DE SEGURIDADE SOCIAL
22.11;Plantão Ver DEFINIÇÃO DO HORÁRIO DE EXPEDIENTE
22.12;Plantas arquitetônicas de bens imóveis Ver REGISTRO DOS IMÓVEIS
22.13;Políticas de pessoal Ver IMPLEMENTAÇÃO DAS POLÍTICAS DE PESSOAL
22.14;Posse em cargo público Ver PROVIMENTO DE CARGO PÚBLICO
22.15;Posse em cargo não acumulável Ver VACÂNCIA
22.16;PPA Ver Planejamento plurianual
22.17;PREENCHIMENTO DE FUNÇÃO DE DIREÇÃO; 014
22.18;Pregão (Modalidade de licitação) Ver CONTRATAÇÃO DE PRESTAÇÃO DE SERVIÇOS 
22.19;Pregão (Modalidade de licitação) Ver CONTRATAÇÃO DE SERVIÇOS PROFISSIONAIS TRANSITÓRIOS
22.20;PREMIAÇÃO (Gestão de eventos); 917
22.21;Prêmios Ver INCENTIVOS FUNCIONAIS
22.22;PRESERVAÇÃO DA SAÚDE E HIGIENE; 025.2
22.23;PRESERVAÇÃO DE ACERVOS; 064
22.24;Prestação de contas Ver CUMPRIMENTO DE MISSÕES E VIAGENS A SERVIÇO
22.25;PRESTAÇÃO DE CONTAS. TOMADA DE CONTAS; 054.1
22.26;PREVENÇÃO DE INCÊNDIO; 046.1
22.27;PREVENÇÃO DE ACIDENTES DE TRABALHO; 025.3
22.28;Previdência social Ver CONCESSÃO DE BENEFÍCIOS DE SEGURIDADE E PREVIDÊNCIA SOCIAL
22.29;PREVISÃO (Gestão de materiais); 030.03
22.30;PREVISÃO DE PESSOAL; 020.021
22.31;Previsão de recursos financeiros Ver PROGRAMAÇÃO FINANCEIRA
22.32;Previsão orçamentária Ver PROGRAMAÇÃO ORÇAMENTÁRIA
22.33;Procedimentos de protocolo Ver ADOÇÃO E CONTROLE DE PROCEDIMENTOS DE PROTOCOLO
22.34;PROCESSAMENTO TÉCNICO (Gestão de acervos bibliográfico e museológico); 062.2
22.35;Processo administrativo disciplinar (PAD) Ver AVERIGUAÇÃO DE DENÚNCIAS
22.36;Processo eletivo Ver PREENCHIMENTO DE FUNÇÃO DE DIREÇÃO
22.37;PROCRIAÇÃO; 041.4
23.1;Procuração Ver DELEGAÇÃO DE COMPETÊNCIA E PROCURAÇÃO
23.2;Produção documental Ver LEVANTAMENTO DA PRODUÇÃO E DO FLUXO DOCUMENTAL
23.3;PRODUÇÃO EDITORIAL; 065
23.4;Programa de coleta seletiva Ver GESTÃO AMBIENTAL
23.5;Programa de creche Ver INSTITUIÇÃO DO PROGRAMA DE CRECHE
23.6;PROGRAMA DE FORMAÇÃO DO PATRIMÔNIO DO SERVIDOR PÚBLICO (PASEP). PROGRAMA DE INTEGRAÇÃO SOCIAL (PIS); 023.181
23.7;PROGRAMA DE INTEGRAÇÃO SOCIAL (PIS); 023.181
23.8;Programa de reciclagem de resíduos Ver GESTÃO AMBIENTAL
23.9;PROGRAMAÇÃO
.PROMOÇÃO DE CURSOS PELO ÓRGÃO E ENTIDADE; 024.11
.PROMOÇÃO DE ESTÁGIOS PELO ÓRGÃO E ENTIDADE; 024.31
23.10;PROGRAMAÇÃO DE VISITAS; 921
23.11;PROGRAMAÇÃO FINANCEIRA; 052.1
23.12;PROGRAMAÇÃO ORÇAMENTÁRIA; 051.1
23.13;PROGRAMAÇÃO VISUAL; 065.2
23.14;PROGRESSÃO FUNCIONAL; 022.63
23.15;PROJETO DE MANUTENÇÃO (Administração da infraestrutura tecnológica); 066.31
23.16;Projetos arquitetônicos de bens imóveis Ver REGISTRO DOS IMÓVEIS
23.17;PROMOÇÃO DA SAÚDE E BEM-ESTAR; 025
23.18;PROMOÇÃO DE ATIVIDADE FÍSICA; 025.13
23.19;PROMOÇÃO DE CURSOS PELO ÓRGÃO E ENTIDADE; 024.1
23.20;PROMOÇÃO DE ESTÁGIOS PELO ÓRGÃO E ENTIDADE; 024.3
23.21;Promoção de pessoal Ver PROVIMENTO DE CARGO PÚBLICO 
23.21;Promoção de pessoal Ver VACÂNCIA
23.22;PROMOÇÃO DE VISITAS; 920
23.23;PROMOÇÃO, DIVULGAÇÃO E DISTRIBUIÇÃO (Produção editorial); 065.3
23.24;PROMOÇÃO E PROGRESSÃO FUNCIONAL;022.63
23.25;PROMOÇÃO E PROGRESSÃO FUNCIONAL Ver REESTRUTURAÇÃO E ALTERAÇÃO SALARIAL
23.26;PRONTUÁRIO MÉDICO E ODONTOLÓGICO; 025.14
23.27;Proposta orçamentária Ver PROGRAMAÇÃO ORÇAMENTÁRIA
23.28;PROTEÇÃO AMBIENTAL EXTERNA; 017.2
23.29;PROTEÇÃO AMBIENTAL INTERNA; 017.1
23.30;PROTEÇÃO, GUARDA E SEGURANÇA PATRIMONIAL; 046
23.31;PROTEÇÃO, GUARDA E SEGURANÇA PATRIMONIAL Ver VIGILÂNCIA PATRIMONIAL
23.32;Protocolo Ver ADOÇÃO E CONTROLE DOS PROCEDIMENTOS DE PROTOCOLO
23.33;Provas Ver CONTROLE DE APLICAÇÃO DE PROVAS Ver CORREÇÃO DE PROVAS. AVALIAÇÃO
23.34;PROVENTOS Ver PAGAMENTO DE VENCIMENTOS. REMUNERAÇÕES. SALÁRIOS. PROVENTOS
23.35;PROVIMENTO DE CARGO PÚBLICO; 022.1
23.36;PROVIMENTO, MOVIMENTAÇÃO E VACÂNCIA; 022
23.37;PUBLICAÇÃO DE MATÉRIAS
.Boletim administrativo; 010.01
.Boletim de pessoal; 020.01
.Boletim de serviço; 010.01
.Diários oficiais; 069.3
.Periódicos de grande circulação; 069.3
23.38;PUBLICAÇÃO E DIVULGAÇÃO (Instituição do programa de creche); 029.21
23.39;Publicidade Ver ELABORAÇÃO DE CAMPANHAS PUBLICITÁRIAS
24.1;Quinquênios Ver TEMPO DE SERVIÇO (Adicionais)
24.2;RACIONALIZAÇÃO DO USO DE BENS E SERVIÇOS; 049.1
24.3;RACIONALIZAÇÃO DO USO DE MATERIAIS; 039.1
24.4;RAIS Ver RELAÇÃO ANUAL DE INFORMAÇÕES SOCIAIS
24.5;Readaptação de pessoal Ver PROVIMENTO DE CARGO PÚBLICO Ver VACÂNCIA
24.6;Readmissão de pessoal Ver PROVIMENTO DE CARGO PÚBLICO
24.7;Reajuste salarial Ver REESTRUTURAÇÃO E ALTERAÇÃO SALARIAL
24.8;RECEITA; 052.21
24.9;RECEITA CORRENTE; 052.211
24.10;RECEITA DE CAPITAL; 052.212
24.11;Reclamações (Ouvidoria) Ver CONTROLE DE SATISFAÇÃO DO USUÁRIO
24.12;RECOLHIMENTO (Aplicação dos instrumentos técnicos de gestão de documentos); 061.523
24.13;RECOLHIMENTO DE MATERIAL INSERVÍVEL AO DEPÓSITO; 032.3
24.14;RECOLHIMENTO DE TRIBUTOS, IMPOSTOS E TAXAS; 059.2
24.15;RECOLHIMENTOS Ver OBRIGAÇÕES TRABALHISTAS E ESTATUTÁRIAS, ENCARGOS PATRONAIS E RECOLHIMENTOS
24.16;Recomendações de pessoas e profissionais Ver GESTÃO DE COMUNICAÇÕES EVENTUAIS
24.17;Recondução de pessoal Ver PROVIMENTO DE CARGO PÚBLICO
24.18;RECUPERAÇÃO (Execução de obras); 045.32
24.19;RECRUTAMENTO E SELEÇÃO; 021
24.20;RECURSO Ver PEDIDO DE ACESSO À INFORMAÇÃO E RECURSO
24.21;Recursos apresentados em concursos culturais Ver HABILITAÇÃO, JULGAMENTO E RECURSOS
24.22;Recursos impetrados em concursos públicos Ver DIVULGAÇÃO DOS RESULTADOS E INTERPOSIÇÃO DE RECURSOS
24.23;REDISTRIBUIÇÃO (Provimento, movimentação e vacância); 022.4
24.24;Redução de jornada de trabalho Ver REESTRUTURAÇÃO E ALTERAÇÃO SALARIAL
24.25;REEMBOLSO DE DESPESAS. INDENIZAÇÃO; 023.7
25.1;REESTRUTURAÇÃO E ALTERAÇÃO SALARIAL; 023.12
25.2;Refeitórios Ver OFERTA DE SERVIÇO DE REFEITÓRIOS, CANTINAS E COPAS
25.3;REFORMA. RECUPERAÇÃO. RESTAURAÇÃO (Execução de obras); 045.32
25.4;REFORMATAÇÃO; 064.3
25.5;Regime de dedicação exclusiva Ver REESTRUTURAÇÃO E ALTERAÇÃO SALARIAL
25.6;Regime de trabalho integral Ver REESTRUTURAÇÃO E ALTERAÇÃO SALARIAL
25.7;Regimento eleitoral Ver NOMEAÇÃO E ATUAÇÃO DA COMISSÃO ELEITORAL
25.8;REGISTRO (Gestão de acervos bibliográfico e museológico); 062.21
25.9;REGISTRO DE DELIBERAÇÕES (Coordenação e gestão de reuniões); 013.2
25.10;REGISTRO DE LIGAÇÕES (Serviço de telefonia fixa ou móvel); 073.32
25.11;REGISTRO DE OCORRÊNCIAS DE ACIDENTES DE TRABALHO; 025.32
25.12;REGISTRO DOS IMÓVEIS; 043.1
25.13;REGULAMENTAÇÃO Ver NORMATIZAÇÃO. REGULAMENTAÇÃO
25.14;Reintegração de pessoal Ver PROVIMENTO DE CARGO PÚBLICO
25.15;REINTEGRAÇÃO DE POSSE. REIVINDICAÇÃO DE DOMÍNIO. DESPEJO DE PERMISSIONÁRIO; 043.3
25.16;REIVINDICAÇÃO DE DOMÍNIO; 043.3
25.17;RELAÇÃO ANUAL DE INFORMAÇÕES SOCIAIS (RAIS); 023.186
25.18;Relação de pagamentos Ver FOLHAS DE PAGAMENTO
25.19;RELAÇÃO COM A IMPRENSA; 019.112
25.20;RELAÇÃO COM CONSELHOS PROFISSIONAIS; 020.033
25.21;RELAÇÃO COM INSTITUIÇÕES DE ENSINO E AGENTES DE INTEGRAÇÃO; 024.51
25.22;RELAÇÃO COM SINDICATOS; 020.031
25.23;RELAÇÃO INTERINSTITUCIONAL; 001
25.24;RELACIONAMENTO COM ASSOCIAÇÕES CULTURAIS, DE AMIGOS E DE SERVIDORES; 992
25.25;RELACIONAMENTO COM ENTIDADES REPRESENTATIVAS DE CLASSE; 020.03
25.26;Relatório de movimentação de almoxarifado Ver CONTROLE DE ESTOQUE
25.27;Relatório de movimentação de material Ver TERMO DE RESPONSABILIDADE. CAUTELA
25.28;Relatórios de viagem Ver CUMPRIMENTO DE MISSÕES E VIAGENS A SERVIÇO
25.29;REMOÇÃO (Provimento, movimentação e vacância); 022.3
25.30;Remuneração proporcional Ver REESTRUTURAÇÃO E ALTERAÇÃO SALARIAL
25.31;REMUNERAÇÕES Ver PAGAMENTO DE VENCIMENTOS. REMUNERAÇÕES. SALÁRIOS. PROVENTOS 
25.32;REMUNERAÇÕES Ver CRIAÇÃO, EXTINÇÃO, CLASSIFICAÇÃO, TRANSFORMAÇÃO E TRANSPOSIÇÃO DE CARGOS E CARREIRAS
25.33;REPARO DAS INSTALAÇÕES; 045.2
25.34;Reportagens Ver RELAÇÃO COM A IMPRENSA
26.1;Reposição salarial Ver REESTRUTURAÇÃO E ALTERAÇÃO SALARIAL
26.2;REPRESENTAÇÃO EXTRAJUDICIAL; 004.21
26.3.35;REPRESENTAÇÃO JUDICIAL; 004.22
26.4;Reprodução de documentos Ver FORNECIMENTO DE CÓPIAS DE DOCUMENTOS
26.5;REQUISIÇÃO (Movimentação de pessoal); 022.22
26.6;Requisição de material Ver CONTROLE DE ESTOQUE
26.7;Rescisão contratual Ver VACÂNCIA
26.8;Reservas de hotel Ver CUMPRIMENTO DE MISSÕES E VIAGENS A SERVIÇO
26.9;RESIDENTES E ESTAGIÁRIOS (Assentamento funcional); 020.13
26.10;Responsabilidade disciplinar Ver APURAÇÃO DE RESPONSABILIDADE DISCIPLINAR
26.11;Responsabilidade social Ver AÇÃO DE RESPONSABILIDADE SOCIAL
26.12;RESSARCIMENTO DE PLANO DE SAÚDE; 023.73
26.13;RESTAURAÇÃO
.CONSERVAÇÃO E PRESERVAÇÃO DE ACERVOS; 064.4
.EXECUÇÃO DE OBRAS; 045.32
26.14;RESTITUIÇÃO DE RENDAS ARRECADADAS; 059.5
26.15;RESULTADO (Gestão de processos); 016.3
26.16;RETIFICAÇÃO DE PAGAMENTO; 023.191
26.17;RETIFICAÇÃO ORÇAMENTÁRIA. CRÉDITOS ADICIONAIS; 051.4
26.18;Reuniões Ver COORDENAÇÃO E GESTÃO DE REUNIÕES 
26.19;Reuniões Ver OPERACIONALIZAÇÃO DE REUNIÕES
26.20;Reversão Ver PROVIMENTO DE CARGO PÚBLICO
26.21;Revisão de textos Ver EDITORAÇÃO E PROGRAMAÇÃO VISUAL
26.22;ROUBO (Gestão de material) Ver EXTRAVIO, ROUBO, DESAPARECIMENTO, FURTO E AVARIA
26.23;Roubo de veículos Ver OCORRÊNCIA DE SINISTROS (Administração da frota de veículos)
27.1;Saída de material Ver AUTORIZAÇÃO DE ENTRADA E SAÍDA DE MATERIAL 
27.2;Saída de material Ver CONTROLE DE PORTARIA
27.3;Salão Ver GESTÃO DE EVENTOS
27.4;SALÁRIO FAMÍLIA; 026.1
27.5;SALÁRIO MATERNIDADE; 026.2
27.6;SALÁRIOS Ver PAGAMENTO DE VENCIMENTOS. REMUNERAÇÕES. SALÁRIOS. PROVENTOS
27.7;Segurança dos depósitos de guarda dos acervos Ver CONTROLE DAS ÁREAS DE ARMAZENAMENTO
27.8;SEGURANÇA PATRIMONIAL; 046
27.9;SEGURANÇA DO TRABALHO. PREVENÇÃO DE ACIDENTES DE TRABALHO; 025.3
27.10;Seguridade social Ver CONTRIBUIÇÃO PARA O PLANO DE SEGURIDADE SOCIAL
27.11;Seguro de transporte de material Ver CONTRATAÇÃO DE PRESTAÇÃO DE SERVIÇOS
27.12;SEGURO PATRIMONIAL; 045.01
27.13;Seleção de documentos de arquivo Ver ELIMINAÇÃO
27.14;Seminário Ver GESTÃO DE EVENTOS
27.15;SERVIÇO DE FAX
.AUTORIZAÇÃO E CONTROLE DE USO; 073.3
.CONTRATAÇÃO DE PRESTAÇÃO DE SERVIÇOS; 071.4
27.16;Serviço de Informações ao Cidadão (SIC) Ver ATENDIMENTO AO CIDADÃO
27.17;SERVIÇO DE RADIOFREQUÊNCIA
.AUTORIZAÇÃO E CONTROLE DE USO; 073.1
.CONTRATAÇÃO DE PRESTAÇÃO DE SERVIÇOS; 071.2
27.18;SERVIÇO DE TELEFONIA. SERVIÇO DE FAX
.AUTORIZAÇÃO E CONTROLE DE USO; 073.3
.CONTRATAÇÃO DE PRESTAÇÃO DE SERVIÇOS; 071.4
27.19;SERVIÇO DE TELEX
.AUTORIZAÇÃO E CONTROLE DE USO; 073.2
.CONTRATAÇÃO DE PRESTAÇÃO DE SERVIÇOS; 071.3
27.20;SERVIÇO DE TRANSMISSÃO DE DADOS, VOZ E IMAGEM
.AUTORIZAÇÃO E CONTROLE DE USO; 073.4
.CONTRATAÇÃO DE PRESTAÇÃO DE SERVIÇOS; 071.5
27.21;SERVIÇO EXTRAORDINÁRIO. HORAS EXTRAS (Adicionais); 023.166
27.22;SERVIÇO POSTAL. CONTRATAÇÃO DE PRESTAÇÃO DE SERVIÇOS; 071.1
27.23;SERVIÇOS DE CONDOMÍNIO; 043.2
27.24;Serviços gráficos Ver EDITORAÇÃO E PROGRAMAÇÃO VIRTUAL
27.25;SERVIDORES E EMPREGADOS PÚBLICOS (Assentamento funcional); 020.11
27.26;SERVIDORES TEMPORÁRIOS (Assentamento funcional); 020.12
27.27;SIC Ver Serviço de Informações ao Cidadão
27.28;Simpósio Ver GESTÃO DE EVENTOS
27.29;Sindicâncias de infrações de trânsito Ver NOTIFICAÇÕES DE INFRAÇÕES E MULTAS
27.30;Sindicâncias de infrações e irregularidades praticadas por servidores Ver AVERIGUAÇÃO DE DENÚNCIAS
27.31;Sindicâncias sinistros em imóveis Ver OCORRÊNCIA DE SINISTROS (Proteção, guarda e segurança patrimonial)
27.32;Sindicâncias para averiguação de acidentes de trabalho Ver REGISTRO DE OCORRÊNCIA DE ACIDENTES DE TRABALHO
27.33;Sindicatos Ver RELAÇÃO COM SINDICATOS
27.34;Sinistros Ver OCORRÊNCIA DE SINISTROS (Administração da frota de veículos)
27.35;SISTEMAS CENTRAIS DE AR CONDICIONADO; 045.22
27.36;Sistemas de combate a incêndio Ver INSTALAÇÃO E MANUTENÇÃO DE EQUIPAMENTOS DE COMBATE A INCÊNDIO
27.37;Sistemas eletrônicos de monitoramento e vigilância Ver MONITORAMENTO. VIGILÂNCIA
27.38;Sistemas informatizados Ver DESENVOLVIMENTO E CONTROLE DE SISTEMAS INFORMATIZADOS
27.39;Solenidade Ver GESTÃO DE EVENTOS
27.40;SUBLOCAÇÃO (Gestão de bens patrimoniais e de serviços) Ver LOCAÇÃO. ARRENDAMENTO (LEASING). SUBLOCAÇÃO
27.41;SUBESTAÇÕES ELÉTRICAS E GERADORES (Manutenção e reparo das instalações); 045.23
27.42;SUBSCRIÇÃO DE AÇÕES; 059.1
27.43;Subsídios Ver CONCESSÃO DE BENEFÍCIOS, ESTÍMULOS E INCENTIVOS
27.44;SUBSTITUIÇÃO (Provimento, movimentação e vacância); 022.5
27.45;Subvenções Ver DESPESA CORRENTE 
27.46;Subvenções Ver EXECUÇÃO ORÇAMENTÁRIA
27.47;Suspensão Ver APLICAÇÃO DE PENALIDADE DISCIPLINAR
28.1;Tabela de temporalidade e destinação de documentos de arquivo Ver ELABORAÇÃO DE INSTRUMENTOS TÉCNICOS DE GESTÃO DE DOCUMENTOS 
28.2;Tabela de temporalidade e destinação de documentos de arquivo Ver APLICAÇÃO DE INSTRUMENTOS TÉCNICOS DE GESTÃO DE DOCUMENTOS
28.3;TAC Ver AJUSTAMENTO DE CONDUTA
28.4;Taxas Ver RECOLHIMENTO DE TRIBUTOS, IMPOSTOS E TAXAS
28.5;Termo de ajustamento de conduta (TAC) Ver AJUSTAMENTO DE CONDUTA
28.6;Telex Ver SERVIÇO DE TELEX
28.7;TEMPO DE SERVIÇO (Adicionais); 023.161
28.8;Termo de eliminação Ver ELIMINAÇÃO
28.9;Termo de permissão remunerada de uso Ver LOCAÇÃO. ARRENDAMENTO. SUBLOCAÇÃO
28.10;Termo de recolhimento Ver RECOLHIMENTO
28.11;TERMO DE RESPONSABILIDADE. CAUTELA; 032.01
28.12;Termo de transferência Ver TRANSFERÊNCIA
28.13;Testes psicotécnicos Ver CORREÇÃO DE PROVAS. AVALIAÇÃO
28.14;Título de propriedade de bens imóveis Ver REGISTRO DOS IMÓVEIS
28.15;TOMADA DE CONTAS Ver PRESTAÇÃO DE CONTAS. TOMADA DE CONTAS
28.16;TOMADA DE CONTAS ESPECIAL; 054.2
28.17;Tomada de preços (Modalidade de licitação) Ver CONTRATAÇÃO DE PRESTAÇÃO DE SERVIÇOS 
28.18;Tomada de preços (Modalidade de licitação) Ver CONTRATAÇÃO DE SERVIÇOS PROFISSIONAIS TRANSITÓRIOS
28.19;TOMBAMENTO
.TOMBAMENTO Bens imóveis; 043.4
.TOMBAMENTO Material permanente; 032.4
.TOMBAMENTO Veículos; 044.2
28.20;Tradução de textos Ver EDITORAÇÃO E PROGRAMAÇÃO VISUAL
28.21;Tradução simultânea Ver CONTRATAÇÃO DE PRESTAÇÃO DE SERVIÇOS (Gestão de eventos)
28.22;TRANSFERÊNCIA (Aplicação dos instrumentos técnicos de gestão de documentos); 061.522
28.23;Transferência (Movimentação de pessoal); 022.21
28.24;Transferência de créditos orçamentários Ver EXECUÇÃO ORÇAMENTÁRIA
28.25;Transferência de linhas telefônicas Ver TRANSFERÊNCIA DE PROPRIEDADE OU TITULARIDADE
28.26;TRANSFERÊNCIA DE PROPRIEDADE OU TITULARIDADE (Serviço de telefonia fixa ou móvel); 073.31
28.27;TRANSFORMAÇÃO DE CARGOS E DE CARREIRAS; 020.022
28.28;TRANSPOSIÇÃO DE CARGOS E DE CARREIRAS; 020.022
28.29;TRATAMENTO TÉCNICO DA DOCUMENTAÇÃO ARQUIVÍSTICA PERMANENTE; 069.1
28.30;Treinamento de pessoal Ver CAPACITAÇÃO DO SERVIDOR
28.31;Treinamento de pessoal para combate de incêndio Ver PREVENÇÃO DE INCÊNDIO
28.32;Tributos Ver RECOLHIMENTO DE TRIBUTOS, IMPOSTOS E TAXAS
28.33;UM TERÇO DE FÉRIAS. ABONO PECUNIÁRIO (Adicionais); 023.167
28.34;UNIFORMIZAÇÃO DO ENTENDIMENTO JURÍDICO; 004.11
28.35;USO DE DEPENDÊNCIAS; 043.7
28.36;VACÂNCIA; 022.7
28.37;Vale-alimentação ou refeição Ver AUXÍLIOS
28.38;Vale-transporte Ver AUXÍLIOS
28.39;Vandalismo em bens imóveis Ver OCORRÊNCIA DE SINISTROS
28.40;Vantagens Ver CONCESSÃO DE DIREITOS E VANTAGENS
28.41;VEÍCULOS Ver GESTÃO DE BENS PATRIMONIAIS E DE SERVIÇOS
28.42;VENCIMENTOS Ver PAGAMENTO DE VENCIMENTOS. REMUNERAÇÕES. SALÁRIOS. PROVENTOS
28.43;VENDA (Alienação) 
.VENDA (Alienação) BENS IMÓVEIS; 042.11
.VENDA (Alienação) BENS SEMOVENTES; 042.13
.VENDA (Alienação) VEÍCULOS; 042.12
28.44;VENDA (Alienação e Baixa) 
.VENDA (Alienação e Baixa) MATERIAL PERMANENTE; 033.12
.VENDA (Alienação e Baixa) MATERIAL DE CONSUMO; 033.11
28.45;Venda de ações Ver RECEITA DE CAPITAL
28.46;Viagens a serviço Ver CUMPRIMENTO DE MISSÕES E VIAGENS A SERVIÇO
28.47;VIGILÂNCIA PATRIMONIAL; 045.4
28.48;Visitantes Ver CONTROLE DE VISITAS E VISITANTES 
28.49;Visitantes Ver CONTROLE DE PORTARIA
28.50;Vistorias Ver OCORRÊNCIA DE SINISTROS (Proteção, guarda e segurança patrimonial)
28.51;VOTAÇÃO (Preenchimento de função de direção); 014.3